rs42154_A,rs1008495_T,rs10758511_T,rs4878016_A,rs5030244_C,rs7119546_C,rs575473_C,rs525493_G,rs7997602_A,rs9539084_G,rs1287521_T,rs9589923_G,rs10148224_G,rs11626446_A,rs7180805_G,rs4611420_A,rs400223_T,rs432037_A,rs36247_C,rs2075650_G,rs2240584_T,rs12862271_T,rs3917981_A,rs663377_A,rs951016_T,rs6828206_T,rs706753_C,rs1077613_C,rs11243239_G,rs7415980_T,Labels
1,2,0,0,0,2,1,1,0,0,1,1,0,1,0,0,1,1,2,0,0,0,1,0,0,1,0,1,1,1,1
1,0,1,1,0,1,0,0,0,0,0,0,1,2,0,0,0,0,0,0,2,2,0,0,0,1,0,1,0,1,1
1,0,0,1,1,0,2,1,1,1,1,1,0,0,0,2,1,1,1,0,0,2,1,0,1,0,0,0,0,1,1
0,0,0,0,0,1,0,0,1,1,1,1,0,0,0,2,1,1,2,0,0,0,1,0,0,0,1,1,0,2,1
0,0,1,1,0,0,2,1,0,0,1,1,0,1,1,0,0,0,1,0,0,1,1,0,0,0,1,0,0,0,0
0,0,1,0,1,0,2,1,0,0,0,0,1,0,2,1,0,1,2,0,0,0,2,0,0,1,0,1,0,1,1
1,1,0,1,0,0,2,2,0,0,0,1,0,0,2,1,1,1,1,0,0,0,1,0,0,0,1,0,2,1,0
0,0,1,0,0,1,0,1,0,0,1,0,0,0,0,0,0,0,1,1,0,2,0,1,0,0,0,1,1,1,0
1,0,1,1,1,0,1,1,0,0,0,0,1,1,1,2,0,0,1,1,1,1,1,1,2,1,0,2,0,2,1
1,0,0,1,1,1,1,0,2,2,0,0,0,0,0,1,2,2,1,0,0,0,2,0,1,0,0,0,0,1,1
0,0,1,0,0,1,1,0,0,0,0,0,0,0,0,0,2,2,1,0,2,1,0,1,0,0,0,2,0,1,0
1,1,1,1,1,1,1,0,0,1,1,0,0,0,1,1,1,1,1,0,2,0,1,0,0,1,0,0,1,2,0
1,0,1,1,1,2,1,2,0,0,1,0,1,0,0,1,1,1,1,0,0,1,0,0,1,0,0,2,0,0,0
0,1,1,1,1,1,0,0,0,0,1,1,0,0,2,0,1,0,0,0,0,0,0,0,0,0,1,1,0,1,1
2,1,1,0,0,2,1,0,2,2,1,0,2,0,0,1,0,0,1,1,1,0,2,1,0,2,1,1,2,1,1
1,0,0,0,0,1,2,1,1,0,1,0,0,1,1,0,2,2,2,0,2,1,1,0,0,0,0,1,0,2,0
0,0,1,0,0,0,0,0,0,0,0,0,0,1,1,0,0,0,1,2,0,0,1,0,0,1,0,2,0,0,1
0,1,2,0,0,1,0,1,2,1,1,0,0,0,2,1,0,0,0,0,1,1,2,2,0,0,0,0,1,0,0
0,0,1,2,0,1,0,0,0,0,0,0,1,2,0,1,2,2,0,1,0,2,1,0,0,0,0,1,1,1,0
0,1,1,0,1,1,0,0,0,1,0,0,0,1,0,2,1,1,1,0,0,2,1,1,0,0,1,1,2,0,0
1,0,1,1,0,1,0,0,0,0,0,0,1,1,1,1,2,2,1,0,0,2,2,0,0,0,0,1,0,1,1
2,1,1,1,0,1,2,2,1,1,1,0,1,1,2,2,2,1,1,1,2,0,1,0,1,0,1,2,1,1,1
0,1,0,0,0,1,1,0,1,0,0,1,0,1,1,0,2,1,1,0,0,0,1,1,0,1,0,0,0,0,1
0,1,1,0,0,1,1,0,1,1,1,0,2,0,1,1,1,1,1,0,0,0,1,0,1,0,0,0,0,2,0
1,0,1,1,0,0,2,2,0,0,1,0,0,0,0,0,2,2,1,0,0,0,1,1,1,1,1,0,0,1,1
1,0,1,0,0,1,1,0,1,1,1,1,0,1,1,1,2,2,1,0,1,1,1,0,1,1,1,2,1,0,1
1,0,1,1,0,0,1,1,1,1,0,1,0,1,1,0,1,1,1,1,0,2,1,0,0,0,0,1,1,0,0
0,1,1,0,1,2,2,2,0,0,0,1,0,0,1,1,2,2,0,0,2,2,1,0,1,1,1,1,0,0,1
1,0,1,1,0,1,0,0,0,0,1,0,1,1,0,1,2,2,0,0,0,2,2,0,0,0,0,0,2,1,1
1,1,2,1,0,1,1,1,1,1,0,1,0,0,1,0,1,1,2,0,0,0,1,0,2,1,0,2,0,2,0
1,0,1,0,0,1,0,0,1,1,0,1,1,1,0,0,0,0,0,0,0,1,2,0,0,0,0,0,0,1,1
0,1,2,0,0,1,1,0,1,1,1,0,2,1,0,2,0,0,0,1,2,2,1,0,0,1,0,0,0,0,1
0,1,2,0,1,0,1,0,0,0,0,0,0,0,1,1,1,1,2,0,2,0,1,0,2,0,0,0,1,1,1
1,0,1,1,0,1,1,0,0,1,1,0,1,1,1,2,2,2,2,1,0,2,1,1,0,1,0,1,1,0,0
1,1,2,0,1,1,1,1,1,1,0,0,0,0,2,1,0,0,1,0,0,1,1,0,1,0,0,0,0,0,1
2,0,0,0,0,0,1,2,1,2,0,0,0,1,1,1,1,1,0,0,0,0,1,0,0,1,1,0,1,1,0
0,1,0,0,0,0,0,2,0,0,0,1,0,0,2,1,0,0,1,0,0,0,0,0,0,0,0,0,0,1,0
0,0,1,0,0,1,0,2,1,1,1,0,1,0,1,2,1,1,1,1,2,2,1,0,0,0,0,1,0,1,1
0,1,1,1,0,0,0,0,1,1,0,0,0,1,1,1,1,1,1,0,0,0,0,0,0,0,0,1,0,1,1
0,0,0,0,0,1,0,0,0,0,2,0,0,0,0,0,0,0,1,0,0,2,1,1,0,0,0,0,0,0,0
1,0,2,0,1,1,1,1,1,1,0,0,1,2,0,2,1,1,0,0,1,2,2,0,1,2,0,0,2,1,1
0,0,2,1,0,1,1,0,1,1,1,0,1,0,1,1,1,1,1,0,1,1,1,1,0,1,1,2,1,0,0
1,1,2,1,0,0,1,2,0,0,1,1,0,0,1,0,1,1,0,0,0,2,2,0,0,0,0,0,1,2,0
0,0,1,0,0,1,1,0,0,0,1,0,0,0,0,0,0,0,0,0,0,0,2,0,0,0,0,1,1,0,0
0,0,1,0,0,0,2,0,0,0,0,0,1,0,0,1,2,2,1,0,0,1,1,1,0,0,0,1,0,2,1
2,0,2,0,1,1,2,1,0,0,1,1,0,1,1,1,1,1,2,0,0,2,1,1,1,0,0,1,0,2,1
1,0,1,0,0,0,1,0,1,1,0,0,0,0,1,1,1,1,2,1,0,0,1,1,1,0,1,2,0,2,0
0,0,0,1,0,1,1,0,0,0,1,1,0,0,0,1,2,2,1,0,0,2,1,0,2,0,1,0,2,1,1
0,0,0,2,0,0,2,0,0,1,2,0,2,1,0,0,2,2,2,0,0,0,1,1,1,0,0,0,0,0,1
1,0,1,1,0,2,1,1,1,1,0,1,2,1,1,1,1,1,1,0,1,1,1,0,1,0,0,1,1,1,0
0,0,2,0,1,2,0,2,0,0,0,2,1,2,2,2,1,1,0,0,0,2,1,2,0,0,0,1,0,1,0
1,0,1,0,0,0,1,2,0,0,1,0,0,1,1,0,1,1,1,0,2,0,2,0,0,1,0,0,1,2,0
1,0,0,1,0,1,1,1,0,0,2,0,2,2,0,0,0,0,0,0,0,1,0,0,1,0,1,1,1,2,0
0,1,2,1,1,1,1,0,0,0,0,0,0,1,1,1,2,2,2,0,2,0,2,1,1,0,0,1,0,1,1
1,1,2,0,0,0,0,2,0,0,1,0,1,0,0,0,0,0,0,0,0,0,0,0,0,0,0,1,0,1,1
2,1,1,1,0,1,1,1,0,0,1,0,1,0,2,0,1,1,1,1,0,0,1,1,2,0,0,1,1,0,1
0,0,2,1,0,1,1,1,1,1,1,0,0,1,2,0,1,1,1,0,2,0,2,1,0,1,0,0,0,2,0
0,1,1,0,0,0,0,1,1,1,2,1,2,2,1,1,0,0,1,1,0,0,0,0,0,0,1,0,0,1,1
0,0,1,1,1,0,0,1,0,0,0,0,1,0,0,2,1,1,1,0,0,1,0,0,1,1,0,0,0,1,1
0,1,0,0,0,0,0,0,0,0,1,1,1,0,0,1,0,0,1,0,0,2,0,0,0,0,1,1,0,0,1
1,1,0,1,0,2,0,0,1,1,1,0,0,0,0,0,0,0,1,0,0,0,1,0,0,0,0,1,0,0,1
1,0,1,0,0,2,1,2,1,1,0,0,0,0,0,2,1,1,1,0,0,0,2,0,0,0,1,0,0,1,1
2,0,0,2,0,1,1,0,2,0,0,0,1,0,0,0,1,0,2,0,2,0,0,0,0,1,0,0,0,1,0
1,0,2,0,1,0,2,1,1,1,1,0,0,1,1,1,0,0,0,0,0,0,1,0,1,1,0,1,0,2,1
1,1,2,2,0,0,1,1,0,0,1,1,1,0,0,2,1,1,2,0,2,2,1,0,1,1,0,0,1,0,0
1,0,1,0,0,0,1,1,0,0,1,0,0,0,2,0,0,0,1,0,1,2,1,0,0,0,0,0,1,1,0
1,0,0,0,0,2,1,0,1,1,1,0,1,0,2,1,1,1,1,0,2,2,0,0,0,0,0,0,1,0,0
1,1,2,1,0,0,0,1,1,0,0,0,0,1,1,1,1,1,2,1,1,2,1,0,0,0,0,0,1,1,0
2,0,0,0,0,2,0,1,2,2,2,1,0,0,2,1,0,0,2,0,0,2,1,0,0,0,1,0,0,0,0
1,0,0,1,0,1,0,1,1,1,0,0,0,1,1,0,1,1,1,0,2,1,1,0,1,0,0,0,1,1,1
1,0,1,0,0,0,1,1,1,1,1,0,0,0,1,1,1,1,1,0,2,2,1,0,0,0,0,0,1,1,1
1,0,1,2,0,1,0,2,0,0,1,0,0,0,1,0,0,0,2,1,2,2,2,0,1,0,1,2,1,1,0
0,0,0,0,0,1,1,1,1,1,0,0,1,0,0,0,2,2,1,0,0,1,0,1,0,0,0,1,0,1,1
0,1,1,2,0,2,2,1,1,1,1,0,0,1,0,1,1,1,0,0,1,1,0,0,2,0,0,0,0,1,0
1,0,1,0,1,2,0,1,0,0,0,0,1,0,1,1,1,1,1,0,0,2,0,0,1,0,1,1,0,0,0
1,0,1,0,0,0,1,1,0,0,1,0,1,1,1,1,2,2,0,1,0,1,1,1,1,0,1,0,1,0,0
1,0,0,1,0,0,0,1,1,1,0,0,1,0,1,0,1,1,2,0,0,0,0,0,0,0,0,1,0,2,1
0,0,1,0,0,1,2,1,0,0,1,0,0,2,0,0,1,1,2,1,0,1,2,1,1,0,1,1,0,1,0
0,0,0,0,0,1,0,0,1,0,1,0,0,1,2,0,1,1,1,2,0,1,0,0,0,0,0,2,2,1,1
0,0,1,1,1,1,2,1,1,2,0,0,0,1,0,0,1,1,0,1,0,0,1,0,0,2,1,0,1,0,0
0,1,0,2,0,0,1,0,0,0,1,0,0,0,0,0,0,0,1,0,0,0,1,0,0,0,1,0,0,0,0
1,0,2,0,0,2,1,0,1,1,0,0,0,1,2,1,1,1,0,0,0,2,1,0,0,0,1,1,1,0,1
1,0,0,1,0,1,1,2,1,1,2,0,0,0,1,0,1,1,1,2,0,2,1,0,0,0,0,2,1,1,1
1,1,0,2,0,1,2,1,0,0,2,0,0,0,1,2,0,0,1,0,2,0,0,0,0,0,0,1,0,1,0
1,0,1,1,1,2,0,1,1,1,0,1,1,0,0,1,1,1,1,0,1,1,1,1,0,0,0,2,2,1,0
1,0,1,0,1,1,1,2,1,1,0,0,0,0,1,2,1,1,1,0,0,0,1,0,1,0,1,0,0,1,0
1,0,0,0,0,2,1,0,1,1,1,1,0,2,2,1,1,1,1,0,0,1,0,0,0,0,0,1,0,2,0
0,0,2,0,0,1,1,2,0,1,2,0,0,1,1,1,1,1,1,1,0,0,0,0,0,0,0,0,0,1,0
1,1,2,0,0,0,0,0,0,0,0,0,1,0,0,2,2,2,1,0,0,0,1,0,0,0,0,0,0,1,1
0,0,1,1,0,2,1,1,1,0,0,1,1,0,1,1,0,0,0,0,0,0,1,0,0,1,1,1,1,1,0
1,0,1,1,1,1,1,0,0,0,1,0,0,1,1,1,1,1,1,0,2,2,1,1,1,1,1,1,0,1,0
1,1,2,0,0,1,0,2,1,1,0,0,0,0,0,0,0,0,1,1,2,2,1,0,2,1,0,0,0,1,0
1,1,1,0,0,1,1,0,0,0,1,0,1,0,1,2,2,2,1,0,2,0,1,1,1,1,0,1,1,1,0
1,1,1,0,0,0,2,0,1,0,1,0,0,0,1,0,2,2,0,0,0,2,1,1,1,0,1,0,1,1,0
0,0,0,0,0,0,1,2,0,1,0,0,0,0,1,1,1,0,0,0,0,0,0,0,1,0,0,1,0,1,1
0,1,1,0,0,1,0,1,0,0,0,0,1,1,0,0,1,1,0,1,0,2,1,0,2,0,1,1,0,1,1
2,0,1,0,0,1,1,0,0,0,0,0,1,1,0,2,0,0,1,0,2,0,1,1,0,0,0,1,2,1,1
1,2,0,1,1,1,2,0,1,1,0,1,0,0,0,1,1,1,1,0,0,2,0,0,0,2,2,2,1,1,0
0,0,1,1,0,0,1,1,0,0,2,0,1,1,0,1,1,1,0,0,2,2,0,1,1,0,2,0,2,0,0
0,1,0,0,0,1,2,0,1,1,0,0,1,0,0,0,1,1,0,0,2,1,0,0,0,1,0,2,1,1,0
1,0,2,0,0,1,1,1,0,0,0,0,1,0,1,0,2,2,1,0,2,2,2,0,0,1,0,2,0,2,1
1,0,1,0,0,0,0,1,0,0,1,0,0,0,0,1,0,0,1,0,2,2,2,0,1,0,1,0,0,1,1
1,0,2,1,0,0,1,1,1,1,1,0,0,0,0,0,2,1,1,0,2,2,1,1,1,0,0,1,0,0,0
1,0,1,0,0,2,1,1,1,1,0,0,0,1,1,0,2,1,1,0,1,2,0,1,0,1,0,1,0,0,1
1,0,1,0,0,0,1,0,2,2,1,0,0,0,0,0,1,1,1,0,2,0,2,1,1,0,0,2,0,0,1
1,0,1,0,0,0,1,2,0,1,1,0,0,0,1,2,1,1,0,0,2,2,1,1,0,0,0,1,1,2,1
0,0,0,0,0,1,2,1,0,0,0,1,1,1,0,0,0,0,1,0,0,0,1,0,1,0,0,0,1,2,0
0,0,2,0,0,0,0,1,0,0,0,0,1,1,1,0,1,2,1,0,2,0,1,1,1,1,0,0,1,0,0
1,2,1,1,0,0,0,0,0,0,0,0,0,0,1,1,1,1,0,0,2,2,1,0,1,1,1,1,0,1,1
1,0,1,1,0,1,2,1,1,1,2,0,0,1,1,1,2,2,0,0,0,1,1,1,1,0,1,0,1,1,1
1,1,1,1,0,1,1,1,1,0,2,0,0,0,0,0,0,1,1,1,0,0,0,1,0,1,1,0,1,0,0
0,0,2,1,0,2,0,2,1,1,0,0,0,1,0,1,1,1,1,0,1,0,1,0,0,0,0,1,1,1,1
0,1,0,0,0,0,1,1,1,2,1,0,0,0,0,0,1,1,1,0,0,2,1,0,1,0,0,1,2,1,0
1,1,0,1,0,1,1,2,0,0,0,0,0,0,1,1,0,0,1,0,2,2,1,2,1,0,1,0,0,2,1
0,0,0,1,0,1,1,2,1,1,0,0,1,0,0,1,0,0,1,1,0,2,1,0,0,0,0,1,0,0,1
1,0,1,1,0,1,1,1,0,0,1,0,0,0,1,0,0,0,1,1,2,0,1,0,0,0,1,1,0,0,0
1,2,1,1,1,1,0,1,2,2,0,0,1,1,0,1,0,0,0,0,0,0,2,0,1,0,0,2,1,2,1
0,0,1,0,0,2,1,0,0,0,0,0,1,0,0,1,0,0,0,0,0,0,0,0,0,0,0,1,0,0,0
1,0,2,0,0,1,0,1,1,1,0,0,1,0,0,0,0,0,1,0,0,0,2,0,0,0,1,0,0,1,1
1,0,2,1,0,0,1,0,0,0,0,0,0,2,1,0,1,1,1,0,1,0,0,1,0,2,0,1,1,2,1
0,0,1,1,0,0,2,1,1,1,1,1,0,2,0,0,1,1,2,2,0,2,1,1,0,0,1,1,2,1,0
0,1,1,1,1,0,0,2,0,0,0,0,1,0,0,1,1,1,0,0,2,1,0,0,0,0,2,0,0,1,0
0,0,1,0,1,1,1,1,0,0,0,0,0,2,0,0,2,2,1,0,0,1,1,1,1,0,1,0,0,1,1
1,1,2,0,0,1,0,1,0,0,1,0,1,0,2,1,1,1,0,1,1,2,1,1,1,0,1,1,1,2,1
0,1,1,1,0,1,2,2,1,1,1,0,1,0,1,2,1,1,2,0,0,2,1,1,1,0,0,1,0,0,0
1,1,0,1,0,1,1,1,1,1,0,2,0,0,2,0,2,2,0,1,1,1,1,0,1,0,0,1,0,1,1
0,0,1,2,1,0,1,1,0,0,1,2,1,1,1,1,1,1,0,0,1,2,0,1,0,0,0,1,0,1,1
1,1,1,0,0,1,1,1,0,0,1,0,1,0,0,0,0,0,1,0,0,1,0,1,0,0,0,0,0,2,1
0,1,2,0,0,0,1,1,0,0,2,0,1,1,1,0,1,1,0,1,2,1,1,0,0,0,1,0,1,1,1
1,1,0,1,0,0,0,2,1,1,0,0,0,1,2,1,2,2,1,0,1,2,1,1,0,0,1,0,1,2,0
0,0,1,0,1,0,2,1,1,1,0,1,0,1,1,0,2,2,1,0,0,2,2,0,1,0,0,0,0,0,1
0,0,2,1,0,0,1,1,0,0,1,0,1,0,2,0,0,0,0,1,0,0,1,1,0,2,0,1,0,1,1
0,0,1,0,0,0,0,2,0,0,2,1,0,0,0,0,1,1,1,0,0,2,0,0,0,0,1,2,1,2,1
0,0,2,0,0,0,2,2,1,1,2,1,0,0,1,2,0,0,1,1,2,0,0,0,0,0,0,0,0,1,1
0,1,1,0,1,1,1,0,1,1,1,1,0,1,0,0,1,1,1,0,0,0,1,1,0,0,0,1,1,1,1
1,1,1,0,0,1,0,0,1,1,1,0,1,0,1,1,1,1,0,0,2,2,1,0,0,0,1,1,1,2,0
1,0,1,1,0,2,1,0,0,0,0,0,0,1,0,0,2,1,0,0,2,1,2,0,1,1,0,0,0,1,1
1,0,0,2,0,0,1,1,0,0,0,0,0,0,1,0,2,2,2,0,2,1,0,0,1,1,0,0,0,2,0
0,0,1,1,0,0,0,1,0,1,1,1,0,1,0,1,1,1,0,0,1,2,1,1,1,0,0,2,0,1,0
1,1,0,1,0,0,0,2,0,1,2,0,0,1,0,0,1,1,0,1,2,2,0,0,0,0,1,0,0,1,0
1,0,0,0,0,0,1,1,0,0,1,0,1,0,1,1,0,0,1,0,0,2,0,1,2,0,0,0,0,0,1
2,0,2,0,0,0,1,1,0,0,0,1,0,1,0,2,2,2,0,2,2,0,0,0,2,0,0,1,0,1,0
1,0,1,1,0,1,0,1,1,2,0,0,1,0,0,2,2,2,0,1,2,0,1,1,1,0,1,1,0,0,0
0,0,1,1,0,2,1,0,1,1,0,2,1,0,1,1,1,1,0,0,0,1,1,1,1,1,0,0,1,1,0
0,0,2,2,1,2,1,0,1,0,0,0,1,0,2,1,2,2,1,0,0,0,1,0,0,0,1,1,0,1,0
1,0,2,0,0,2,0,1,0,0,1,0,2,1,0,0,1,1,0,1,1,1,1,0,0,1,0,1,1,1,1
0,1,0,2,0,1,0,0,1,1,1,1,0,1,1,0,1,1,1,0,0,2,0,0,0,0,0,0,1,0,1
1,0,1,1,0,0,0,1,0,0,0,0,1,1,1,0,1,1,1,0,1,0,0,1,2,0,1,1,0,2,1
0,1,1,1,0,1,2,1,0,0,0,0,0,0,0,1,0,0,0,0,1,1,0,1,1,1,2,0,0,1,0
0,0,1,1,0,1,2,1,0,0,0,1,0,1,0,1,1,1,0,0,2,2,1,1,1,1,0,0,1,1,1
0,0,1,0,0,1,1,1,1,0,1,1,0,0,0,2,2,2,1,1,2,2,2,0,1,0,0,0,0,2,0
2,0,0,0,0,0,1,2,0,0,0,0,0,0,2,2,2,2,1,0,0,0,0,1,0,0,0,0,1,1,1
0,0,0,0,0,0,0,2,2,1,1,0,1,1,2,0,0,0,0,0,0,2,0,0,0,2,1,2,0,1,0
1,1,1,1,0,1,0,1,0,0,1,0,1,1,1,1,1,1,1,1,1,1,1,0,0,0,1,1,0,0,0
1,0,2,1,0,1,2,1,0,0,0,1,1,1,0,1,2,2,0,0,0,2,0,2,0,0,0,0,0,2,1
1,0,2,1,0,1,2,0,0,0,0,0,0,0,1,1,2,1,2,0,0,0,2,0,0,0,0,1,0,1,1
0,1,2,1,0,0,0,1,0,0,1,0,0,2,1,0,0,0,0,1,2,0,1,1,0,0,0,0,1,1,1
1,0,1,0,0,0,1,1,0,0,0,0,0,1,1,0,0,0,1,0,1,1,1,0,2,1,0,0,1,1,1
1,0,2,1,0,1,1,0,0,1,0,1,0,1,1,1,1,1,0,0,0,0,1,0,0,0,1,1,1,2,1
1,0,0,1,0,0,2,2,1,1,1,0,0,0,2,1,0,0,2,0,1,1,1,0,0,0,0,0,1,2,0
1,1,0,0,0,1,0,1,1,2,2,1,0,2,0,0,1,1,0,0,2,0,1,0,0,0,0,1,0,2,1
0,0,0,0,0,1,0,2,2,1,1,0,0,0,0,0,1,1,2,0,1,2,0,1,0,1,0,1,1,1,1
2,0,1,0,0,0,0,1,0,0,1,2,1,1,1,2,2,2,1,0,0,0,1,0,2,0,0,0,0,1,1
0,1,1,2,0,1,1,1,0,0,2,0,0,1,1,1,1,1,0,0,0,2,2,0,0,0,0,1,0,1,1
0,0,1,0,0,2,0,0,1,0,0,0,0,0,1,0,2,2,1,0,1,1,2,0,2,1,1,0,0,1,1
0,0,1,0,0,2,1,2,1,1,0,0,1,1,1,0,0,0,2,0,0,2,1,0,1,2,0,1,0,1,1
0,0,2,1,0,0,0,1,2,2,0,1,1,0,0,0,0,0,1,0,1,1,1,0,0,1,0,2,0,0,0
1,0,1,0,0,2,0,1,0,0,1,0,0,1,1,2,0,1,1,0,1,1,1,0,1,0,0,2,0,0,1
2,1,1,0,0,0,0,1,1,1,0,0,0,1,1,2,1,1,1,0,1,0,2,0,1,0,2,0,1,0,1
0,0,1,1,0,1,1,1,1,1,1,0,0,1,0,1,1,1,1,0,2,2,0,1,0,0,1,0,1,1,1
1,1,0,0,0,1,0,0,1,1,1,0,1,2,0,0,1,1,2,0,0,0,1,1,0,1,0,0,1,0,0
1,0,1,1,1,1,1,1,1,1,1,0,0,0,0,0,0,0,1,1,0,1,0,0,2,0,0,1,1,1,1
0,1,0,2,0,1,1,0,0,0,2,0,0,2,1,0,2,2,1,0,0,0,1,0,0,1,0,1,1,0,0
0,0,1,0,0,0,1,1,1,1,0,0,1,0,1,1,0,0,1,0,0,0,1,2,0,0,0,1,1,0,0
1,0,1,0,0,1,0,0,1,1,0,1,1,1,1,0,1,1,0,2,0,0,0,0,1,1,0,0,0,1,1
1,1,1,2,0,1,1,1,0,0,0,1,0,1,1,1,1,1,2,0,1,1,2,0,0,1,0,0,0,2,0
1,1,0,0,0,1,1,1,1,1,1,0,1,0,0,2,0,0,1,0,2,0,1,1,0,0,1,0,0,0,0
0,0,1,0,0,1,0,0,0,0,1,0,0,0,2,2,1,1,2,0,0,0,0,1,0,0,1,1,0,1,1
1,0,1,0,0,1,2,1,1,1,2,0,0,0,0,1,2,2,1,1,1,2,0,0,1,0,0,1,0,1,0
1,0,2,0,0,0,1,1,0,0,0,0,0,1,2,0,0,0,0,0,2,1,0,0,0,0,1,0,0,1,1
0,0,2,2,0,1,1,1,0,1,0,0,0,0,1,1,2,2,1,0,0,2,1,0,1,1,2,1,2,1,1
0,1,0,0,0,1,0,1,1,1,1,0,0,1,1,1,1,0,1,1,1,0,0,1,1,1,1,2,0,1,1
1,1,1,0,0,1,1,1,1,1,0,0,1,0,2,0,0,0,2,0,0,0,1,2,1,0,1,1,0,1,1
1,0,0,0,1,1,2,1,1,1,2,0,0,0,0,0,1,1,2,0,1,2,1,0,1,0,0,0,0,1,1
0,1,1,0,0,2,0,0,0,1,0,1,1,0,1,1,2,2,0,0,0,2,0,0,1,0,1,2,0,0,1
0,1,1,0,0,1,1,1,0,0,0,0,0,1,1,2,0,0,0,1,2,2,1,1,0,0,0,1,2,0,1
1,1,1,0,1,1,0,2,1,1,1,0,2,0,2,0,1,1,0,0,0,1,2,1,0,0,1,1,1,1,0
0,0,1,0,0,1,1,1,0,0,1,1,1,0,1,1,1,1,1,1,2,2,1,0,1,0,0,1,1,0,1
1,0,1,0,1,1,1,0,1,1,2,0,0,2,0,0,1,2,1,0,0,0,1,0,0,0,0,0,0,0,1
1,0,1,0,0,1,0,1,2,1,0,0,0,0,1,1,2,1,2,1,2,2,1,0,2,2,0,0,0,2,0
1,0,1,0,0,1,2,1,0,0,1,0,0,1,1,0,1,1,1,0,1,0,2,1,1,0,0,2,0,2,0
0,1,0,2,1,1,0,1,1,0,0,1,0,0,1,0,1,1,1,0,0,0,0,0,0,0,0,1,2,1,1
2,1,0,0,0,1,1,1,0,1,1,0,1,0,2,1,1,1,2,0,2,2,1,0,1,0,0,0,0,0,1
1,0,1,1,1,1,1,1,1,1,0,0,1,0,0,0,1,1,0,1,2,2,1,1,0,0,0,1,0,1,0
1,0,0,1,0,1,2,1,1,1,1,0,1,0,1,1,1,1,2,0,0,2,2,0,1,0,1,0,0,1,1
0,0,2,0,0,0,0,1,0,0,1,0,2,0,2,1,0,0,2,1,2,2,1,0,0,0,0,0,0,2,1
0,0,1,1,0,0,2,0,2,2,1,0,0,0,1,0,1,1,2,0,0,0,1,0,0,1,0,1,0,0,0
0,0,1,1,0,0,0,1,0,0,1,0,1,0,0,1,2,2,1,0,0,1,2,0,0,1,0,0,0,0,1
1,0,0,0,0,2,1,2,0,0,0,0,1,1,0,0,1,1,0,0,1,2,1,1,0,0,1,0,0,2,1
0,1,1,0,1,1,1,0,2,2,0,1,1,0,2,0,1,1,1,0,0,2,0,1,0,0,0,1,0,0,0
1,0,0,0,0,1,0,0,1,0,1,0,1,0,1,1,0,0,1,0,2,0,0,0,2,0,0,0,1,1,1
0,1,1,1,0,1,1,0,1,0,1,0,1,1,1,0,2,1,2,0,0,0,2,0,0,1,0,1,0,1,0
0,0,1,0,0,1,0,0,0,0,0,0,0,0,0,1,1,1,2,0,0,2,0,0,1,2,0,0,1,1,1
0,0,1,0,0,0,1,1,1,1,0,0,1,2,0,0,1,0,0,1,0,2,0,1,0,0,1,1,0,0,1
0,0,1,1,0,1,1,0,0,0,1,1,1,0,1,0,1,1,0,0,2,0,0,0,2,1,0,1,2,2,1
0,0,1,0,1,2,1,2,0,0,0,1,0,1,1,0,1,1,1,1,0,2,1,0,1,1,1,1,1,0,0
0,1,1,1,0,2,1,2,0,0,0,0,1,0,1,2,2,2,0,0,0,2,0,0,0,1,1,1,1,2,0
0,1,1,1,0,0,0,1,0,0,1,0,0,0,2,1,1,1,1,0,0,2,1,0,1,0,1,0,1,1,0
1,2,1,0,0,1,1,1,1,0,1,0,0,0,1,0,2,2,0,0,0,2,0,0,1,0,0,0,0,0,1
2,0,1,1,0,1,2,0,2,2,0,0,0,0,1,1,2,2,1,0,2,0,1,0,2,0,1,1,0,1,0
1,0,1,1,0,0,1,0,0,1,0,1,0,0,1,1,0,0,0,0,2,2,0,0,1,0,1,2,1,0,1
0,0,1,2,1,0,0,0,1,1,2,0,0,1,0,0,1,1,1,1,0,0,2,0,1,0,1,0,1,2,1
0,0,2,1,1,1,1,1,1,1,1,0,0,1,1,1,0,0,0,0,0,0,1,0,1,0,0,1,0,1,0
1,1,0,0,0,0,1,1,1,1,0,0,1,0,2,1,1,1,2,0,0,0,2,0,0,0,1,0,0,1,1
1,1,1,1,0,1,1,1,1,1,1,0,1,0,2,1,1,1,0,0,1,1,2,1,1,0,0,0,1,1,0
0,0,2,1,0,1,0,0,1,1,0,0,1,0,0,0,1,1,2,0,1,0,2,0,1,1,0,1,0,0,1
1,1,1,0,0,1,0,0,1,1,0,0,1,0,2,0,1,1,0,1,0,1,1,0,1,2,0,0,0,1,1
0,0,2,1,0,1,1,2,1,1,1,0,0,2,1,1,1,0,1,0,2,2,1,0,0,0,2,1,0,2,1
2,1,0,1,1,0,1,2,1,1,0,1,0,1,0,1,1,2,1,0,1,0,0,0,0,0,0,1,0,1,0
0,2,2,1,0,2,1,1,0,0,1,0,0,1,1,1,1,1,2,0,0,2,0,0,2,1,0,0,0,0,1
1,0,2,0,0,1,0,1,2,2,2,0,1,0,0,2,1,1,1,0,2,2,1,0,1,0,0,0,1,0,0
1,0,1,0,0,1,2,0,1,0,2,0,0,1,0,1,2,2,0,0,2,0,2,1,0,1,1,1,1,1,1
1,0,0,1,1,0,0,0,0,1,0,0,0,0,0,0,1,1,1,0,0,2,0,0,0,0,0,1,0,2,0
0,0,1,0,0,0,0,1,0,0,1,0,0,0,0,1,1,1,1,0,2,2,1,0,0,1,0,0,0,1,1
0,1,1,0,1,0,1,0,1,1,1,1,0,0,1,1,2,2,0,0,1,1,1,0,0,0,0,0,2,1,0
0,0,1,0,0,2,0,1,0,0,0,0,0,1,1,0,0,0,2,1,0,0,1,0,1,0,0,1,0,1,1
2,1,1,1,0,0,0,1,1,1,1,0,1,1,1,0,0,0,1,1,0,0,1,0,0,1,0,1,0,1,1
2,1,0,1,0,0,1,1,1,1,1,0,2,1,2,0,0,0,0,1,0,0,0,1,0,0,1,0,0,0,1
0,0,1,1,0,2,1,0,1,0,2,0,0,0,0,1,2,2,0,1,2,0,0,1,0,1,0,0,2,1,0
1,1,0,1,0,2,1,1,0,0,0,0,0,0,0,0,1,1,0,1,0,2,0,0,1,0,0,1,0,0,0
0,2,1,0,0,2,1,2,0,0,0,1,1,1,1,1,0,0,1,0,1,1,1,0,0,1,2,1,0,1,1
0,0,1,1,0,2,1,1,0,0,2,1,1,2,1,0,0,0,0,0,1,1,1,1,1,0,2,1,0,0,1
1,1,2,1,1,1,0,2,0,0,0,0,1,1,0,1,0,0,2,0,0,1,0,0,0,0,0,0,1,1,1
1,0,1,1,0,1,1,2,1,1,2,2,0,1,1,1,2,2,0,0,1,0,2,1,1,1,0,1,0,2,0
0,1,2,0,0,1,1,2,1,0,0,0,1,1,0,0,1,1,2,1,0,2,2,0,1,0,1,0,0,1,1
0,1,0,1,0,0,1,1,1,0,1,1,0,0,2,0,1,1,1,0,1,2,0,0,0,0,1,2,0,1,1
0,0,2,1,0,2,2,0,0,0,1,1,0,0,2,0,2,2,2,0,0,1,1,0,0,1,1,0,1,0,1
0,0,2,0,0,2,1,2,1,1,0,1,0,2,0,0,1,1,0,0,0,2,1,1,0,2,0,0,1,0,0
0,1,0,2,1,1,2,1,1,0,0,0,0,0,0,1,2,2,1,1,0,2,2,0,1,0,0,1,0,1,0
1,0,1,1,0,0,0,1,0,0,1,0,0,0,1,1,2,1,0,0,2,2,2,0,0,1,0,2,1,2,0
0,0,0,1,0,1,0,1,1,1,2,0,0,1,0,0,1,1,2,1,2,2,0,1,0,0,1,1,0,0,0
1,0,1,0,0,1,1,1,1,2,0,0,0,2,1,0,1,0,1,0,1,2,2,0,0,0,0,1,1,0,1
1,0,2,0,0,1,1,0,1,1,0,0,0,1,0,0,1,1,1,1,0,1,1,1,0,0,0,0,0,1,0
1,0,1,0,1,1,2,1,1,1,0,2,0,0,1,0,0,0,2,0,0,0,1,0,1,0,0,2,1,1,1
0,1,0,0,0,0,1,1,0,0,1,0,0,1,1,0,0,0,1,1,0,1,0,1,1,0,1,1,0,1,1
0,1,1,0,1,1,1,1,1,0,0,1,1,1,0,0,1,1,1,0,0,0,0,1,0,0,0,0,1,1,0
2,0,1,1,0,1,2,2,1,2,2,2,0,0,0,1,1,1,0,0,2,2,1,0,2,1,0,1,1,1,0
0,1,0,0,0,1,1,2,1,1,1,0,1,2,1,2,1,1,0,0,0,2,1,0,0,0,1,1,1,0,0
0,0,0,0,0,0,0,0,0,0,0,0,0,0,1,1,2,1,0,1,0,2,1,0,0,1,0,0,0,0,0
0,1,1,1,0,1,0,0,0,0,0,1,0,0,0,1,1,1,1,0,0,2,2,1,1,0,0,0,1,1,0
0,2,1,0,0,0,1,0,1,0,1,2,0,1,1,0,1,1,1,0,0,0,2,0,1,1,1,0,1,2,0
0,0,1,0,0,1,2,0,0,1,1,1,0,0,1,0,1,1,1,0,0,0,0,0,1,0,0,2,1,1,0
0,0,0,0,1,2,1,2,0,1,0,1,1,2,0,0,2,2,1,0,0,2,1,0,2,1,0,2,0,0,1
0,0,0,1,0,0,1,1,0,0,1,0,0,0,1,1,2,2,0,0,0,2,1,0,1,0,2,0,0,1,1
0,1,1,0,0,0,0,2,1,1,0,0,0,1,1,1,1,1,0,0,2,2,1,0,0,0,1,0,1,0,0
1,0,1,1,0,0,1,1,2,1,1,0,1,1,1,0,0,0,0,0,2,0,0,1,0,1,1,1,1,0,0
0,0,2,1,0,1,1,1,1,0,1,0,0,0,2,0,2,2,1,0,1,2,0,0,0,0,0,0,1,1,1
1,0,1,1,1,1,1,1,0,0,0,1,0,0,0,1,1,1,0,1,2,2,1,0,1,1,1,0,1,0,0
1,1,1,0,1,1,2,1,0,0,1,0,0,0,0,2,2,2,0,0,0,2,2,1,1,0,0,2,1,2,0
1,0,2,2,0,1,0,1,0,0,1,0,0,0,1,0,1,1,2,0,2,0,2,1,0,0,0,1,1,2,1
1,0,2,2,0,1,1,0,1,0,0,0,1,2,0,1,1,1,0,0,0,0,0,1,1,1,0,1,1,0,0
2,0,0,0,0,1,1,2,1,1,1,1,0,0,1,1,1,1,1,0,0,0,1,0,1,1,0,1,0,1,1
1,0,2,0,0,0,1,2,0,1,0,0,0,0,0,0,1,1,1,1,0,1,2,0,0,0,0,1,0,2,0
0,0,1,1,0,2,1,1,0,0,0,1,0,1,1,1,2,1,1,0,2,0,1,0,0,0,0,2,0,1,1
0,0,1,1,1,1,0,1,0,0,0,0,0,1,0,1,0,1,2,1,2,0,1,0,1,0,1,0,0,1,0
1,0,1,0,0,0,1,2,0,0,1,0,0,1,0,1,2,2,0,1,0,0,1,0,1,0,1,0,1,0,0
1,1,1,0,0,2,2,1,0,0,1,0,0,2,0,2,1,1,1,0,0,0,2,0,1,0,1,0,0,2,0
1,0,2,0,1,1,0,0,0,0,1,2,0,1,0,1,2,2,0,0,0,0,0,0,0,0,0,2,0,2,1
0,0,2,1,0,2,1,0,0,0,0,0,2,0,2,0,1,1,0,0,0,2,0,0,0,2,0,1,0,1,1
1,2,1,1,0,0,1,2,1,0,1,0,1,1,1,0,1,1,1,1,1,0,1,0,1,0,1,0,1,0,1
2,1,2,0,0,1,1,2,0,0,1,0,0,0,0,0,0,0,0,0,1,0,2,0,1,0,1,1,0,1,0
1,2,1,1,0,0,1,0,1,1,2,0,1,2,1,2,0,0,2,0,0,2,1,0,0,0,0,0,1,0,0
0,0,1,0,0,0,2,0,0,1,1,1,1,1,0,1,1,1,1,0,1,0,0,0,0,0,1,1,0,2,0
0,0,0,0,0,0,2,2,0,0,0,0,1,1,1,0,2,2,1,0,2,2,1,0,2,0,0,1,0,1,1
0,0,1,0,0,1,1,1,0,0,2,0,0,0,1,1,0,0,1,2,0,0,0,0,1,0,0,2,0,0,1
1,0,0,0,0,1,1,0,1,1,0,0,1,0,1,1,0,0,1,0,1,1,1,0,0,1,2,0,1,0,1
0,0,1,0,0,1,0,0,0,1,0,1,1,0,0,1,2,2,1,0,0,2,1,0,2,0,1,0,1,1,1
0,0,1,0,1,2,1,2,0,1,0,1,1,0,1,0,1,1,0,0,0,0,0,0,0,1,1,0,0,1,0
1,0,1,0,0,2,1,1,1,1,0,0,0,1,0,0,2,2,0,0,2,0,1,0,0,0,1,0,0,1,1
2,0,1,1,0,2,1,1,1,1,1,1,1,1,2,0,0,1,1,0,0,2,1,0,1,0,0,1,1,2,0
0,0,1,1,0,1,0,0,0,0,0,0,1,0,0,1,0,0,1,0,2,2,1,0,1,1,0,1,1,1,1
0,0,0,1,0,0,1,2,0,0,0,0,0,0,0,1,0,0,0,0,0,1,0,0,0,0,1,0,1,2,1
0,1,1,0,0,1,0,0,0,0,2,0,0,0,1,1,0,0,0,1,0,1,0,1,0,1,0,1,1,0,1
0,0,1,1,0,1,2,2,2,2,0,0,0,1,1,0,0,0,2,0,2,2,2,1,1,0,0,1,1,0,1
2,0,0,1,0,1,2,0,0,0,1,0,0,0,1,1,1,1,0,0,2,2,0,0,1,1,0,1,1,1,0
1,0,0,0,0,0,0,0,0,0,1,0,0,1,1,1,1,1,1,0,1,1,2,0,0,0,1,0,0,1,0
1,1,2,1,0,2,2,1,0,0,0,2,0,0,2,0,2,2,0,1,1,1,1,0,0,0,0,1,1,1,1
1,0,1,0,0,1,2,0,1,1,1,0,2,0,0,1,0,1,0,1,0,2,2,0,0,0,0,0,0,1,1
1,1,1,1,0,1,1,1,0,1,0,0,1,0,0,1,2,2,1,0,2,0,0,0,0,0,1,0,0,1,0
1,0,2,1,0,1,0,1,1,1,1,1,1,0,1,0,1,1,1,0,2,1,1,1,1,0,0,0,0,1,1
2,1,2,0,0,0,1,0,0,0,1,0,1,0,1,1,2,2,1,1,0,1,1,1,1,0,0,0,0,0,1
0,1,0,0,0,0,0,1,0,0,1,0,0,0,1,0,1,1,0,1,0,1,1,0,1,0,0,0,0,2,1
1,0,1,0,0,0,1,1,0,0,1,0,0,0,0,1,1,1,1,0,2,2,1,0,1,0,0,0,0,1,1
1,0,0,0,0,2,1,2,0,0,0,0,0,1,1,0,2,2,0,0,2,2,1,0,0,0,0,0,0,1,0
0,0,1,1,2,1,1,1,1,1,2,1,0,0,0,1,2,2,2,0,0,0,0,0,1,0,0,1,1,1,0
0,2,2,0,0,1,0,1,1,0,1,0,0,1,2,0,1,1,1,0,2,0,2,1,1,1,1,1,0,1,0
0,0,1,1,0,1,1,1,2,1,0,2,0,0,1,0,0,0,0,0,0,2,0,0,0,1,1,1,0,2,0
0,1,1,0,0,0,1,1,0,0,0,1,0,0,1,1,1,1,1,2,2,0,1,1,0,1,1,0,0,2,1
0,0,2,0,0,1,1,0,0,0,0,1,1,1,0,0,1,1,2,0,0,2,1,0,0,0,0,0,1,1,1
1,0,0,2,0,0,1,0,1,1,2,1,0,1,2,0,1,1,1,0,0,0,1,0,0,1,0,0,1,0,0
0,0,1,0,0,2,0,1,1,1,1,1,1,1,0,0,1,1,1,0,2,0,0,0,0,0,2,0,2,1,0
0,1,2,0,1,0,0,1,1,1,0,1,0,0,1,1,1,1,1,0,1,1,2,1,2,0,1,0,2,2,0
0,0,2,0,0,0,0,2,0,1,0,0,1,2,1,0,1,1,1,0,2,2,1,1,0,0,1,1,1,0,1
1,1,1,0,0,1,1,0,1,1,0,1,1,0,2,1,1,0,1,0,2,0,2,0,1,0,0,1,1,1,1
0,0,1,1,0,2,1,0,1,1,0,0,0,0,0,1,2,2,1,1,2,2,0,1,1,1,0,0,0,1,0
1,0,1,1,1,1,1,1,1,1,2,1,0,1,1,1,1,1,0,0,0,0,2,1,1,0,0,0,0,0,1
0,1,1,0,0,1,1,1,0,0,2,0,0,1,0,1,1,1,1,0,0,0,2,1,0,1,0,0,0,1,1
2,1,1,1,0,2,1,1,0,0,0,0,1,0,0,0,1,1,1,0,2,2,0,0,1,1,0,0,1,1,0
0,0,2,0,1,0,2,1,0,0,1,0,0,0,1,0,2,2,0,0,0,2,1,0,0,0,0,1,0,0,0
1,2,1,0,0,1,0,0,0,0,0,1,2,0,1,1,1,1,1,0,0,2,0,1,0,0,0,0,0,1,0
1,0,1,1,0,0,1,0,0,0,1,0,0,0,2,1,1,1,1,0,0,2,0,0,1,0,1,1,0,2,1
0,0,1,1,0,1,2,0,0,0,1,0,1,1,0,1,0,0,0,1,2,0,1,0,0,1,0,0,0,1,1
0,0,0,2,0,1,1,1,0,0,0,0,0,0,1,1,1,0,1,0,0,0,1,1,0,1,0,1,0,1,0
1,0,2,2,0,0,1,0,1,1,1,0,1,1,2,0,1,1,2,1,0,2,1,0,0,2,0,1,0,2,1
0,0,1,0,0,1,1,0,2,2,0,0,0,0,1,0,1,1,1,0,2,2,0,0,1,0,0,0,1,2,1
1,1,2,0,0,0,0,1,1,0,2,2,0,1,2,0,1,1,0,1,0,2,2,1,0,0,0,0,0,1,0
0,1,1,1,0,2,1,0,1,1,1,1,1,1,0,1,1,1,0,0,0,2,0,0,0,0,0,1,0,1,1
0,0,0,0,0,1,0,1,0,0,0,0,0,0,1,0,1,1,1,0,0,2,0,0,0,0,0,1,0,0,0
1,1,0,1,0,2,0,0,1,0,1,0,0,1,0,1,1,1,0,0,0,2,0,0,0,1,0,1,0,1,1
1,2,0,0,0,2,0,1,0,0,2,0,1,0,1,1,1,1,1,1,0,0,1,1,0,0,0,1,0,2,1
0,0,1,0,0,1,1,1,2,2,0,0,1,1,1,1,2,2,0,0,0,2,1,1,0,0,0,2,0,0,1
1,0,2,0,0,0,1,1,1,0,1,0,0,0,2,0,0,1,0,0,0,2,0,0,1,0,0,1,0,1,0
1,0,1,1,0,0,2,1,0,0,1,0,0,1,0,1,1,1,0,1,2,1,1,0,1,0,1,0,1,0,0
0,0,2,1,0,1,0,0,0,0,0,0,0,2,1,0,1,1,0,0,0,0,0,0,0,0,0,0,0,1,1
0,0,2,0,0,1,1,1,0,1,1,1,0,1,0,1,1,1,1,1,0,0,1,0,0,0,0,0,0,1,1
0,1,1,2,0,0,2,0,1,1,1,0,0,2,1,1,1,1,2,0,0,0,2,2,0,0,0,1,0,1,1
1,0,0,0,0,1,1,0,0,0,0,0,0,1,2,0,2,1,1,0,0,0,1,0,0,0,0,1,0,1,0
0,0,0,0,0,2,0,1,1,1,0,0,2,0,1,0,1,1,0,0,1,1,1,0,0,0,1,1,1,1,0
0,0,2,0,1,0,1,0,1,1,1,0,0,0,1,1,1,1,0,1,0,0,1,1,1,0,0,0,1,2,0
0,1,1,0,1,0,1,1,1,1,0,0,0,0,0,1,1,1,1,1,0,1,0,2,1,1,0,1,0,1,0
1,0,1,0,0,2,0,1,0,0,0,0,0,0,2,0,0,0,0,0,1,1,2,0,0,0,1,0,0,2,1
0,0,2,1,0,1,2,1,0,0,0,1,0,0,1,1,0,0,1,0,0,2,1,0,0,1,1,0,2,2,1
1,1,1,0,0,2,1,1,1,1,1,2,1,0,0,0,2,2,1,0,0,2,2,0,2,1,0,2,2,0,0
0,2,1,0,0,1,0,0,1,1,1,0,1,0,0,2,2,2,0,0,0,2,1,0,0,0,0,1,0,0,0
2,0,0,1,1,2,1,0,1,1,0,0,0,2,0,1,2,2,0,0,2,0,0,0,2,0,0,0,1,0,0
1,0,1,1,1,0,0,1,2,1,1,0,2,2,0,0,0,1,1,0,1,1,0,1,0,1,2,0,0,1,0
1,0,1,1,0,1,1,1,1,1,0,1,1,1,1,2,1,1,1,0,2,0,1,1,0,1,0,0,1,2,1
0,0,1,0,0,0,2,0,0,0,2,0,0,0,1,2,1,1,0,1,2,0,0,1,1,0,1,1,0,2,1
0,0,1,2,0,0,0,2,0,0,0,0,1,0,1,1,2,2,0,0,0,0,1,0,0,0,2,2,1,1,1
1,0,0,1,0,2,1,1,0,0,0,1,0,1,0,0,1,1,0,0,1,1,0,0,2,0,1,1,0,1,1
0,1,0,1,0,0,0,1,1,1,0,0,0,1,0,1,2,2,1,0,0,2,1,1,0,0,1,0,2,2,0
1,1,1,2,0,1,2,0,0,0,1,0,1,1,0,0,0,0,0,1,0,1,1,0,1,0,0,0,0,2,1
1,0,2,2,0,0,0,1,1,1,1,0,0,1,1,1,1,1,1,0,0,2,2,2,1,0,1,0,0,1,1
0,1,0,1,0,0,0,0,0,0,0,0,2,1,2,1,0,0,1,2,0,0,1,0,0,0,0,2,2,1,1
1,0,0,0,0,1,0,1,1,1,0,0,0,1,1,1,1,1,2,0,0,2,1,0,1,0,0,0,0,1,1
1,0,1,0,0,1,0,1,1,0,0,0,0,0,0,2,1,1,0,1,0,2,2,1,2,0,1,0,2,0,0
0,1,1,0,0,1,1,2,1,1,0,1,0,1,0,0,0,0,2,1,2,1,0,0,0,0,1,0,0,0,1
1,0,2,0,1,2,0,0,0,0,0,0,0,2,1,2,1,1,0,0,2,1,1,0,0,1,0,0,1,0,1
1,0,2,0,0,2,1,1,1,0,0,1,0,1,1,1,1,1,0,0,0,2,2,1,0,1,1,0,1,1,1
1,0,0,2,0,1,1,2,1,1,0,0,1,1,1,1,2,2,1,1,0,2,2,1,1,0,0,1,0,2,1
0,0,0,1,0,1,0,0,0,0,1,0,1,0,1,0,0,0,0,0,0,2,1,0,0,2,0,2,0,1,0
0,0,1,2,0,2,1,0,0,0,1,0,0,0,1,0,1,0,0,1,1,0,2,0,1,1,0,2,0,0,1
0,0,2,0,0,1,1,2,1,1,1,1,0,1,2,0,1,1,0,0,0,1,1,1,0,1,0,0,1,1,1
1,0,1,0,0,0,1,2,0,1,2,0,0,1,1,1,1,1,1,0,0,0,1,1,0,0,0,0,0,1,1
1,2,1,0,0,1,2,2,0,0,0,1,0,0,0,0,0,0,0,1,1,1,1,1,0,1,0,0,2,2,1
1,0,1,0,0,0,0,1,0,0,0,0,1,1,1,0,2,2,0,1,0,0,1,0,0,0,0,0,0,2,1
2,1,2,0,0,1,0,2,1,0,0,0,1,0,0,0,2,2,0,0,2,0,0,0,0,0,0,1,0,1,1
1,0,2,0,0,0,1,1,0,0,0,0,1,0,0,0,0,0,0,0,0,2,1,0,0,0,1,2,1,0,0
1,0,2,1,0,1,0,1,1,1,1,0,0,1,1,2,1,1,2,1,2,2,2,1,1,0,0,0,2,2,0
1,0,2,2,0,1,1,1,1,1,2,1,0,1,1,0,2,2,0,0,0,1,0,0,0,0,1,0,0,2,1
1,0,2,0,0,1,1,1,1,1,2,0,0,1,0,1,1,1,2,0,2,0,1,1,1,1,0,1,2,0,0
1,0,1,1,0,0,1,1,1,0,0,0,1,0,0,1,1,1,1,1,2,0,0,0,1,0,1,0,1,1,0
2,0,0,1,1,0,1,1,1,1,1,0,1,0,0,0,1,1,0,0,0,0,1,0,0,0,0,1,1,1,0
1,2,1,1,0,0,1,0,0,0,0,0,0,0,1,0,0,0,1,0,2,0,0,1,1,0,0,0,2,2,0
1,2,1,2,0,0,1,0,1,1,0,0,0,1,1,1,1,1,0,0,1,2,0,0,0,1,0,0,0,0,1
1,1,2,1,0,2,0,1,1,1,2,0,1,0,0,0,1,1,0,0,0,1,0,0,1,1,1,2,0,0,1
0,0,2,1,0,0,0,1,0,0,2,0,1,0,1,0,0,0,0,0,2,1,0,1,0,0,0,1,1,1,1
0,2,0,0,0,1,2,0,0,0,1,0,2,0,1,1,1,1,0,1,0,2,1,0,1,1,0,1,2,0,1
0,1,1,0,0,1,1,0,1,1,1,0,2,0,0,0,1,1,2,0,0,2,2,0,1,0,0,1,1,0,1
1,1,2,0,0,2,0,1,1,1,1,0,1,2,0,1,0,0,0,0,0,0,2,1,1,0,1,1,1,1,0
1,0,1,1,0,1,0,1,1,1,1,1,0,0,2,1,1,2,0,0,1,0,0,0,0,1,0,0,0,1,1
1,0,1,1,2,0,1,1,1,2,1,0,0,0,1,2,1,1,1,0,1,1,0,0,1,1,1,1,0,1,1
1,0,2,1,0,0,0,0,0,1,1,0,1,1,1,0,1,0,0,0,0,1,2,0,0,0,0,2,0,2,1
0,0,0,0,1,1,1,1,0,0,0,1,0,0,1,0,1,0,1,0,2,0,2,0,1,1,0,0,0,1,1
0,1,2,1,0,1,1,1,1,1,1,0,1,1,1,0,0,0,1,1,1,0,1,0,0,0,1,1,0,2,1
1,0,1,2,0,0,0,1,2,2,1,0,1,0,2,1,0,0,0,1,1,0,2,1,0,1,1,1,2,1,1
0,1,1,2,0,2,2,2,1,1,2,1,0,0,0,1,0,0,0,1,0,0,0,0,0,0,0,0,0,0,1
2,1,0,0,0,1,2,1,1,1,1,0,0,0,1,1,0,0,1,0,0,1,1,0,0,0,0,1,0,0,0
0,0,1,0,0,2,0,1,0,0,1,0,1,1,2,2,1,1,0,0,2,2,1,1,0,1,0,0,0,2,1
0,0,2,2,0,0,1,1,2,2,0,0,0,0,0,1,1,1,0,0,0,2,0,1,1,1,0,0,1,2,1
2,0,1,0,0,2,1,0,1,1,1,0,0,1,1,0,1,1,0,0,0,0,1,0,1,0,0,1,0,1,0
0,1,2,1,0,0,1,1,1,1,1,1,0,0,1,1,0,0,0,0,1,1,1,1,0,0,1,1,1,1,0
0,1,2,1,0,1,2,2,0,0,1,0,0,0,0,0,2,2,1,0,0,2,1,1,0,1,1,2,1,1,1
1,0,2,2,0,1,2,1,1,1,0,0,0,1,0,0,1,1,1,0,0,2,0,1,2,0,0,0,1,1,0
1,1,0,0,0,0,0,1,1,1,1,1,1,1,0,0,2,2,0,0,1,1,0,2,1,0,0,0,0,1,1
1,0,0,0,0,1,0,0,0,0,0,0,0,1,0,1,0,0,1,0,2,0,1,0,1,1,0,2,2,0,1
0,1,1,2,0,2,0,2,1,1,2,1,2,1,0,1,2,2,0,0,0,0,2,1,0,0,0,1,0,2,1
2,0,0,0,1,0,0,1,1,1,0,0,0,0,2,0,1,0,0,0,0,0,0,1,0,1,0,1,0,0,1
1,1,1,1,0,2,0,1,1,1,2,0,0,0,0,1,1,1,1,0,0,0,2,0,1,0,1,0,1,1,1
1,0,0,0,0,0,2,0,0,0,2,2,0,0,1,0,2,2,1,1,2,2,0,0,0,1,0,0,1,1,0
0,1,0,0,0,0,1,1,0,0,2,1,1,1,1,2,2,2,0,0,0,2,0,0,0,1,0,1,0,1,0
1,0,1,0,0,1,0,1,2,2,1,0,1,1,1,2,0,0,2,0,2,0,0,1,0,0,0,1,1,1,1
1,1,2,1,0,1,1,1,0,0,0,0,1,0,1,1,1,1,0,0,2,2,1,0,0,1,0,1,0,1,1
1,0,1,0,0,1,1,1,0,0,0,0,0,1,0,0,1,1,1,0,2,2,1,0,0,0,1,0,2,1,1
1,0,0,0,0,1,1,0,1,1,0,0,0,1,0,1,2,2,1,0,0,1,1,0,1,0,1,1,0,2,1
1,0,1,0,1,1,2,0,0,0,1,0,0,0,0,0,1,1,0,0,0,0,1,1,0,0,0,0,2,0,1
1,0,1,0,0,0,1,1,1,0,0,0,0,1,1,0,1,1,1,0,0,2,2,1,1,0,0,0,2,1,0
1,1,1,0,0,1,1,0,0,0,0,0,1,0,1,1,1,1,2,0,2,2,1,0,0,1,0,1,1,0,0
0,0,0,0,1,0,0,0,0,0,1,0,0,0,1,1,1,1,1,0,1,2,1,1,0,1,1,0,1,0,0
0,1,0,0,0,1,2,0,0,0,0,2,0,1,2,0,2,2,0,0,1,0,1,0,0,0,1,0,0,2,0
1,0,1,1,0,1,0,1,1,1,0,1,0,1,0,1,1,1,0,1,0,0,1,1,1,0,1,2,1,1,0
1,0,0,1,1,0,1,1,0,0,0,0,0,1,1,1,1,1,2,0,0,0,1,1,1,0,0,1,0,0,1
1,0,2,0,0,2,1,1,0,0,1,0,0,2,1,0,2,2,1,0,0,1,1,1,1,0,0,0,0,1,1
0,1,1,1,1,1,0,0,1,1,1,1,0,1,1,0,0,0,0,0,0,0,1,0,0,0,0,0,0,0,0
2,0,0,1,0,0,1,1,1,1,1,0,1,1,1,2,1,1,0,0,2,1,0,1,0,0,0,1,0,1,1
0,0,2,0,1,1,1,0,0,0,1,0,0,1,0,0,1,1,0,1,2,1,2,0,0,0,0,0,1,1,1
1,1,0,2,0,0,0,2,1,0,1,1,0,1,1,0,0,0,0,0,0,2,2,1,0,0,0,2,0,0,0
0,0,1,1,0,1,2,0,0,0,0,0,0,0,1,2,0,0,1,0,2,0,1,2,1,0,2,0,1,1,1
0,0,2,2,0,0,0,0,0,0,0,0,0,0,1,1,0,0,0,0,1,0,0,0,0,1,0,0,0,0,0
0,2,1,1,0,1,2,0,0,0,0,0,0,1,0,0,0,0,1,1,0,2,2,0,0,0,1,1,0,1,1
1,0,0,1,0,0,1,1,0,0,1,0,0,1,2,1,2,2,1,1,2,2,1,0,1,1,0,0,1,2,0
0,1,2,0,0,1,0,1,1,2,1,0,1,2,1,1,1,1,0,0,0,0,1,0,0,1,1,0,0,0,1
2,0,1,0,0,1,0,0,1,2,1,1,0,0,0,1,1,1,0,0,0,0,1,0,1,0,1,2,1,0,1
1,0,2,0,0,0,0,0,1,1,1,0,1,1,0,0,0,1,1,1,0,2,0,1,0,1,0,2,1,1,1
1,0,1,1,0,1,1,0,1,1,0,0,2,0,2,0,0,0,1,2,0,2,1,0,1,0,0,0,0,0,1
0,0,2,0,0,0,1,1,1,1,1,0,1,1,0,0,1,1,0,0,2,0,1,0,0,0,0,0,0,0,0
1,0,1,0,0,0,0,1,1,1,2,0,0,0,0,0,1,1,1,1,2,2,2,1,1,0,1,0,1,1,0
1,0,0,0,0,0,1,2,0,0,2,1,0,0,1,2,1,1,1,0,2,0,0,0,2,0,1,0,0,2,1
0,0,2,1,1,1,2,1,1,1,0,0,0,0,0,1,2,2,0,0,2,0,1,0,1,1,0,0,0,0,1
1,1,1,2,0,1,1,1,2,2,1,1,0,0,0,1,0,0,0,0,1,0,2,0,0,1,0,1,1,2,0
0,0,0,0,0,2,1,0,0,0,1,1,0,1,2,2,1,1,2,0,0,0,0,0,0,0,0,1,1,1,0
1,1,1,1,0,0,1,2,0,0,1,0,1,0,0,1,0,0,0,0,0,2,2,0,1,0,0,1,0,0,1
1,0,1,0,0,1,1,0,1,1,1,1,0,0,0,0,0,0,0,0,0,0,1,0,0,0,0,0,0,0,0
1,0,0,1,1,1,2,1,1,1,0,0,0,1,1,0,2,2,1,0,1,1,1,1,1,0,1,1,1,1,1
1,0,1,1,0,1,2,0,1,2,2,0,0,1,1,2,1,1,1,1,2,0,1,1,0,1,1,1,0,1,0
1,0,0,1,0,0,2,1,0,1,1,0,1,0,0,0,1,1,1,1,0,2,1,0,1,1,0,1,0,2,1
0,1,0,0,0,1,0,1,0,0,0,1,1,0,1,0,0,0,2,0,0,2,1,0,0,0,1,1,0,1,0
2,0,2,1,0,1,1,1,1,1,0,0,0,2,0,0,0,0,0,0,0,0,1,0,1,0,1,1,2,1,0
0,0,2,0,1,0,1,1,1,1,1,1,0,0,2,1,1,1,1,0,0,1,2,1,2,0,0,1,0,1,0
0,0,2,1,0,0,0,1,0,0,1,1,2,0,2,2,1,0,0,0,2,1,1,0,0,1,0,1,0,2,1
0,0,1,0,0,1,1,0,1,0,0,0,1,0,1,1,1,1,2,1,0,0,0,1,0,0,1,2,0,1,0
0,0,2,1,0,1,1,1,2,1,1,0,0,0,1,1,0,0,1,0,2,1,1,1,0,0,0,0,1,1,1
1,0,2,0,0,2,1,1,1,1,0,0,0,1,0,0,1,0,1,1,0,0,1,0,1,1,1,1,0,1,0
1,0,2,0,0,0,1,1,0,0,1,0,0,1,0,1,0,0,0,1,0,0,2,0,1,0,0,0,1,1,1
1,0,0,0,0,2,1,0,1,1,0,0,0,0,2,0,0,2,1,0,0,1,0,0,1,0,0,1,0,2,1
1,1,1,0,0,0,2,0,1,0,2,0,0,0,2,0,1,1,0,0,1,1,1,2,1,0,1,0,0,1,1
1,0,1,0,0,2,0,1,1,1,1,0,0,2,1,0,0,0,1,0,0,0,1,0,0,1,0,2,0,1,0
0,0,2,1,0,1,0,1,1,0,1,1,1,0,1,0,2,2,0,1,0,1,1,1,1,0,0,1,1,0,1
0,2,0,0,0,1,0,2,0,0,1,0,1,1,0,0,0,0,0,0,0,1,1,0,0,0,0,1,1,0,0
0,1,2,0,0,2,1,1,0,0,1,0,0,0,1,1,0,0,1,0,0,0,1,0,2,1,0,1,1,1,1
1,0,2,1,0,1,1,2,0,0,0,0,1,0,0,0,0,0,1,0,0,0,1,0,0,0,1,1,0,1,0
1,0,0,0,1,1,0,0,0,0,2,0,0,1,0,0,1,1,0,0,0,1,0,0,0,0,2,1,0,0,0
0,0,0,1,0,1,2,1,0,0,2,1,1,1,1,0,1,1,1,0,0,2,1,1,0,0,0,1,0,0,0
0,0,2,0,0,0,1,1,1,1,1,0,1,1,0,1,1,1,0,0,0,0,1,0,0,0,0,0,1,0,0
0,1,0,1,0,0,2,1,0,0,0,0,0,0,1,0,1,1,0,0,1,0,1,0,0,0,0,1,1,1,1
0,1,1,0,1,1,1,0,1,1,1,0,0,0,1,1,0,0,0,0,1,2,1,1,0,2,1,1,1,1,0
1,0,1,1,0,1,2,0,0,0,1,0,0,1,0,0,1,1,0,0,2,2,0,1,0,1,0,1,0,0,1
0,0,2,0,0,1,1,1,1,1,1,1,1,0,1,0,0,0,0,0,0,0,0,1,2,1,0,0,0,2,1
1,0,1,1,0,1,2,2,1,1,1,0,0,0,1,1,1,1,1,1,0,0,0,0,0,0,0,0,1,2,0
0,1,1,0,1,1,0,1,0,0,1,0,0,0,2,0,0,0,1,1,0,0,1,0,0,0,0,1,1,1,1
1,0,0,0,0,0,1,0,0,0,1,0,1,1,1,1,1,1,0,1,2,2,1,0,1,0,0,1,0,0,1
0,0,1,1,0,2,0,2,1,1,1,0,0,1,0,1,0,1,0,1,1,1,2,1,0,1,0,0,1,2,0
1,1,2,1,0,0,1,1,0,0,1,1,1,1,1,1,0,0,0,0,1,0,0,0,0,1,0,1,0,1,1
2,0,2,0,0,1,0,2,1,1,1,0,0,0,1,0,2,2,0,0,2,0,1,0,2,2,1,1,1,1,0
0,2,2,0,0,0,1,1,0,0,0,0,0,0,2,0,2,2,1,0,0,2,1,0,0,0,1,1,1,2,1
0,0,2,1,0,0,0,1,1,1,0,0,1,0,0,2,0,0,0,0,1,1,0,1,0,1,0,0,0,2,1
1,2,1,0,1,2,0,0,0,0,0,1,0,0,1,1,1,1,1,0,0,2,2,0,2,0,0,0,0,2,1
1,0,2,0,0,0,0,1,0,0,0,0,1,1,2,0,1,1,2,0,1,1,2,0,1,0,0,0,1,1,1
0,0,1,1,0,1,0,1,1,2,0,0,1,0,1,1,2,2,0,0,2,2,1,0,0,0,0,1,1,0,1
0,2,2,1,1,1,1,0,0,1,0,1,1,0,0,0,1,1,0,0,1,2,1,2,0,0,0,1,0,1,1
0,0,1,0,0,0,0,1,0,0,2,0,2,0,1,1,0,0,0,0,0,0,0,0,1,1,0,0,1,1,1
0,2,0,0,0,0,0,1,0,0,1,1,0,0,0,0,1,1,0,2,0,0,1,1,0,0,0,1,0,1,0
0,0,2,1,0,0,0,1,1,1,1,0,1,0,1,0,1,1,1,0,0,0,1,0,1,0,0,1,0,1,0
1,0,1,0,1,1,1,1,0,0,1,0,1,1,1,1,0,0,0,0,1,0,1,1,1,0,1,1,0,2,0
0,2,0,0,0,1,1,2,1,1,0,0,0,0,0,1,1,1,1,0,1,1,1,1,1,0,1,1,1,2,0
1,0,1,0,0,1,0,1,0,0,0,0,0,0,1,1,0,0,1,1,1,0,1,0,0,1,0,1,0,1,1
1,1,1,1,0,0,1,0,0,0,1,0,0,1,1,0,1,1,2,0,2,2,1,1,1,0,0,1,1,1,1
2,0,1,0,0,1,0,1,1,1,0,0,0,1,1,0,0,0,1,0,0,0,1,0,1,1,1,1,0,2,0
0,2,2,1,0,2,0,1,0,0,1,0,1,2,1,1,1,1,0,1,0,0,2,1,0,0,0,1,0,1,1
1,0,2,0,0,2,2,0,0,0,1,0,1,2,2,0,2,2,1,0,0,0,1,1,2,0,0,1,1,1,0
1,0,0,0,0,1,2,1,1,1,0,0,1,2,0,0,1,2,1,0,0,2,0,1,0,0,1,0,1,1,0
1,0,1,0,1,1,1,1,1,1,1,0,0,1,1,0,2,2,0,1,0,2,0,0,0,0,0,1,0,0,1
0,1,2,0,0,0,0,2,1,1,1,0,1,1,2,0,0,0,1,1,0,2,1,1,0,0,1,0,0,1,1
0,0,0,0,0,0,1,2,1,2,0,1,2,1,1,0,0,1,1,0,0,2,0,0,1,0,0,0,0,1,1
1,2,2,0,0,0,0,1,0,0,0,0,1,0,0,1,0,0,1,0,0,1,1,1,0,0,1,0,0,2,1
0,0,1,2,0,1,0,0,0,0,0,0,1,0,1,0,0,2,0,0,0,2,1,0,0,0,0,1,0,0,1
1,1,2,0,1,1,0,0,1,1,1,1,1,0,0,0,1,1,1,0,2,2,0,0,0,0,0,1,0,1,1
0,1,2,0,1,1,0,0,1,1,1,1,0,1,1,1,0,0,1,0,0,0,0,2,1,0,1,0,0,1,0
1,1,1,0,2,0,0,1,1,1,0,0,1,0,1,1,1,1,0,0,1,1,1,1,1,0,0,1,2,1,0
0,0,0,1,0,0,1,0,0,2,0,0,1,0,0,0,1,1,0,0,2,0,1,0,0,0,0,0,0,1,0
1,2,1,1,0,1,0,1,0,0,1,0,1,1,0,0,1,2,0,0,2,2,0,0,1,1,0,1,0,1,0
1,1,1,1,0,1,0,1,1,1,0,0,0,1,1,0,1,1,1,0,0,0,2,1,0,0,1,0,0,1,1
2,0,2,1,1,1,0,0,2,1,2,0,0,0,2,1,0,0,1,0,2,0,1,1,0,1,0,0,1,1,1
1,0,2,1,0,1,1,0,0,0,2,0,0,0,0,1,0,0,1,0,0,1,2,0,0,2,1,0,1,1,1
0,0,0,1,0,0,0,1,1,1,0,0,1,1,1,0,1,1,1,1,0,2,1,0,1,0,0,2,0,1,1
0,0,0,0,0,1,2,0,1,1,0,1,1,1,1,1,1,0,0,0,2,0,1,1,2,0,0,0,0,2,1
0,0,1,1,0,2,1,0,1,1,1,0,0,0,1,0,1,1,0,0,0,2,1,1,0,1,0,0,1,2,0
1,0,1,0,0,1,1,2,1,1,0,0,1,0,0,0,2,2,2,1,1,2,2,0,2,1,0,1,1,1,0
1,1,1,0,0,1,1,1,0,0,1,0,2,1,2,0,1,1,1,0,0,0,0,1,2,1,0,2,0,1,0
1,0,0,0,0,0,2,1,0,0,0,0,1,1,0,0,1,0,1,0,0,2,0,0,0,0,0,0,1,0,0
1,0,1,2,0,0,0,1,1,1,0,0,1,1,1,0,1,0,0,1,1,0,2,2,0,1,2,1,1,0,1
1,1,0,0,0,2,0,2,1,1,1,0,0,1,0,0,2,2,1,0,2,2,0,0,1,0,0,0,1,0,1
0,0,1,0,0,0,1,1,1,1,1,0,0,0,0,2,1,1,2,1,2,2,1,0,0,0,0,0,0,0,0
1,0,2,0,0,2,1,0,0,0,1,0,0,1,1,0,1,1,0,1,0,1,1,1,2,1,0,2,0,0,1
1,1,0,0,0,1,0,0,1,1,2,0,0,1,2,2,0,0,1,0,0,0,0,0,0,0,0,0,1,1,0
0,0,0,1,0,1,1,0,1,1,1,1,0,1,0,0,0,0,1,1,1,0,1,0,1,0,1,2,1,0,1
0,0,1,0,0,2,2,0,0,0,1,1,1,0,1,1,1,1,1,1,0,2,2,0,2,0,0,0,0,0,0
0,0,1,0,0,0,2,2,0,0,1,0,0,1,0,1,2,2,1,0,1,1,1,0,0,1,0,2,1,0,0
1,0,2,0,0,0,1,2,0,0,0,0,0,1,1,2,0,1,1,1,2,0,1,1,1,0,0,1,2,1,0
1,1,1,0,1,1,1,0,0,1,0,0,0,1,0,1,0,0,1,0,2,2,1,1,1,1,1,0,0,1,0
0,1,1,2,0,0,2,0,0,0,1,0,0,2,0,0,1,1,2,0,0,1,1,1,1,1,0,1,1,1,0
2,0,0,0,0,0,1,0,2,1,1,0,1,1,2,1,1,0,2,0,0,2,0,0,1,0,0,0,0,2,0
0,1,1,0,0,0,1,1,1,1,1,0,1,1,1,0,2,2,1,0,2,1,1,0,1,0,1,1,0,0,1
0,0,0,0,0,1,1,1,0,0,1,1,1,1,1,1,2,2,1,0,0,2,1,1,0,0,0,0,0,1,1
1,0,2,0,0,2,0,2,0,0,1,0,0,0,1,1,0,1,1,0,2,2,0,1,2,1,0,0,2,0,1
2,0,0,2,0,0,0,1,0,0,1,0,0,0,1,0,1,1,1,1,0,2,0,1,2,0,0,1,1,2,1
1,0,2,1,0,1,2,1,0,0,1,0,0,2,1,0,1,1,1,0,0,0,0,0,2,1,0,1,2,2,1
1,0,1,0,0,0,2,2,1,1,1,0,0,0,0,1,1,1,1,1,1,1,0,1,1,1,0,0,0,2,0
1,0,1,1,0,0,1,2,0,0,1,0,0,0,0,1,1,1,0,1,1,1,1,0,1,0,0,1,0,1,1
2,0,1,2,0,1,0,1,0,1,2,0,0,1,1,0,2,2,0,0,0,0,0,1,0,0,0,1,0,0,1
1,0,1,0,0,1,1,0,0,0,0,0,0,0,0,0,0,0,1,1,2,0,0,0,0,0,0,2,0,0,1
0,0,2,1,0,1,1,0,0,0,0,0,0,1,1,1,2,2,2,0,0,0,1,0,0,0,2,0,1,2,0
1,0,2,1,0,0,1,1,1,1,2,0,1,1,0,1,1,1,0,0,2,2,1,1,1,0,1,1,0,1,1
0,0,2,0,0,0,1,1,1,1,1,1,2,0,1,1,0,0,0,0,1,2,2,1,1,1,0,2,1,0,1
0,0,1,0,0,1,1,1,1,1,0,0,0,0,1,0,1,0,0,1,0,2,1,0,0,2,1,1,1,1,1
1,0,2,0,0,0,2,1,0,0,2,0,1,0,0,2,1,1,2,0,1,0,1,1,1,1,1,1,1,1,1
0,0,1,1,0,1,0,2,0,0,0,1,0,1,0,0,1,1,1,0,2,0,1,0,1,0,1,0,1,1,0
0,1,1,0,0,1,1,1,0,0,0,0,0,0,2,1,1,1,1,0,1,1,1,1,1,0,1,1,2,2,1
1,2,0,1,0,2,1,2,1,1,1,0,0,1,1,0,2,2,1,0,1,2,1,0,1,1,1,1,2,2,1
2,0,0,1,0,0,1,1,0,0,1,1,1,1,1,2,0,0,1,1,0,2,1,2,0,0,0,0,0,2,1
0,1,1,1,0,0,2,0,1,1,0,0,0,1,1,2,0,0,0,0,2,2,1,0,0,0,0,1,0,2,1
0,1,0,0,0,0,1,1,2,2,1,1,0,1,1,0,0,0,0,0,0,0,1,0,1,0,1,0,1,1,1
0,0,2,0,0,0,1,2,1,1,1,0,0,2,0,1,1,1,1,0,2,0,1,1,0,2,0,0,1,0,1
1,1,2,0,0,0,0,1,1,1,0,0,0,0,0,1,0,0,1,2,0,0,1,1,2,0,0,0,0,1,1
0,1,0,1,0,2,1,1,0,0,1,0,0,0,1,1,0,0,1,0,2,0,1,0,0,1,0,0,0,1,0
2,1,0,0,0,1,1,1,0,0,0,1,2,1,0,0,1,1,1,1,0,0,0,0,0,0,1,1,2,1,1
1,0,1,0,0,1,1,0,1,1,2,0,0,0,2,2,0,0,0,1,0,0,1,0,0,0,1,2,0,1,1
1,0,1,0,0,1,1,2,0,0,1,1,0,1,0,1,1,1,1,0,0,0,1,0,1,1,1,0,0,0,0
0,0,1,0,0,0,0,0,1,1,2,0,0,1,0,1,2,2,0,1,0,0,1,0,0,0,0,0,0,0,1
0,0,1,0,0,1,0,1,0,0,1,0,0,0,1,1,2,2,2,1,1,1,2,2,0,2,0,2,0,2,0
1,0,2,1,0,2,2,1,0,0,2,1,0,0,0,1,2,2,1,1,0,2,2,0,0,0,0,1,1,1,0
0,0,0,0,0,0,1,2,0,1,2,0,0,0,0,0,1,1,1,1,0,1,0,0,0,1,0,2,0,1,0
1,0,1,0,0,2,1,2,1,1,0,0,0,0,0,0,1,1,1,0,1,0,2,0,1,1,0,2,0,1,0
0,0,0,0,0,1,1,1,1,1,1,0,1,1,1,1,1,1,2,0,0,0,1,0,2,0,0,1,1,2,1
1,0,1,1,0,2,1,0,1,1,1,1,0,1,2,2,1,1,0,0,0,0,1,1,0,0,1,0,0,2,0
0,0,0,0,0,1,2,1,1,1,0,1,0,1,1,0,1,0,2,0,0,2,1,0,1,1,0,1,1,0,1
0,0,1,1,0,0,1,2,1,1,0,0,0,0,2,1,2,2,1,0,0,2,1,0,0,0,1,1,1,1,1
0,0,1,0,0,1,0,0,1,1,0,1,0,0,1,1,0,0,0,0,0,2,2,1,2,0,1,2,0,2,0
0,1,0,1,0,1,1,1,1,1,0,0,0,0,1,0,1,1,0,1,0,0,2,1,0,0,0,2,1,1,1
1,1,1,0,0,1,0,1,2,1,1,0,0,1,0,2,1,1,1,0,2,0,1,0,0,1,1,0,0,2,0
0,0,1,0,1,1,2,0,1,0,0,0,1,1,1,1,1,1,0,0,2,1,2,2,0,1,0,0,0,1,1
0,1,1,0,0,0,1,2,0,1,1,1,0,1,2,1,0,1,1,0,0,0,2,1,1,0,0,2,0,1,0
2,0,1,0,0,1,1,1,1,1,0,0,0,1,1,1,1,1,1,0,0,1,2,0,1,0,0,1,1,1,1
0,0,1,0,0,2,1,1,0,0,1,0,1,0,0,0,2,2,1,0,2,0,1,1,1,1,0,0,1,1,0
1,0,0,1,0,1,1,1,1,1,0,0,2,0,0,2,1,1,0,0,0,0,1,1,0,0,0,1,0,1,0
2,2,1,1,0,1,0,0,1,0,0,0,1,0,1,0,0,0,0,0,2,2,1,1,0,0,1,1,0,0,0
1,0,0,1,0,0,1,2,0,0,0,0,0,1,1,0,1,1,1,0,0,2,1,1,1,0,0,1,1,1,1
1,2,2,0,0,2,1,0,0,0,0,0,0,0,2,1,1,1,1,0,0,0,1,0,0,0,1,0,1,0,1
0,1,2,1,0,0,1,0,1,1,2,2,1,0,0,2,1,1,1,2,2,0,1,0,1,1,0,1,2,0,0
0,1,1,1,0,0,1,0,0,1,0,1,2,1,2,1,1,1,0,0,2,2,0,2,0,0,0,0,1,1,0
0,0,1,0,0,1,1,0,1,2,0,0,0,0,0,0,2,2,1,0,0,2,1,0,0,0,0,1,0,1,1
0,0,1,0,0,0,1,0,2,2,1,2,0,2,2,1,1,1,0,0,0,0,2,0,1,1,1,1,1,2,0
1,0,1,0,1,1,2,0,0,0,1,0,1,0,1,0,0,0,0,0,2,2,2,0,1,1,1,0,0,1,0
0,0,2,0,1,0,0,1,0,0,1,0,1,0,2,0,2,2,0,0,0,2,1,1,1,0,0,1,0,0,0
1,0,1,2,0,2,1,0,1,1,0,0,0,0,0,0,0,0,1,0,1,1,1,0,0,1,0,1,0,0,1
0,0,0,1,0,1,0,0,1,0,0,1,0,2,2,0,1,1,0,0,0,2,2,1,1,0,0,0,0,2,0
2,0,2,2,0,0,1,2,1,2,1,0,0,1,1,2,1,1,1,1,1,0,1,0,0,0,0,0,0,1,1
1,0,1,0,0,0,0,1,2,2,1,1,1,0,1,0,2,2,1,0,2,0,1,0,1,0,0,0,0,1,1
0,0,0,0,0,1,0,0,0,0,0,0,1,1,1,0,2,2,1,0,2,1,0,0,1,0,0,1,0,2,1
1,0,0,0,0,0,0,1,1,1,0,0,0,0,1,0,1,1,0,0,0,2,1,0,0,1,0,1,0,0,1
0,0,0,0,0,1,0,0,0,0,2,0,0,1,1,0,1,1,1,0,2,0,1,1,1,0,0,2,1,1,0
0,0,1,0,0,1,1,1,0,0,0,0,1,1,1,1,1,1,2,0,0,0,1,1,0,0,0,0,1,1,1
1,1,0,0,1,2,2,0,0,0,0,1,0,0,0,1,1,2,1,0,0,0,1,0,1,1,0,1,0,1,1
1,1,2,1,0,0,0,0,1,1,1,0,0,0,2,0,0,0,1,1,1,1,0,0,0,0,1,0,0,0,1
1,1,0,0,0,0,2,1,2,2,0,1,0,2,1,0,2,1,1,1,1,2,1,0,1,1,0,1,0,0,1
0,0,2,1,0,0,1,2,1,2,2,0,1,0,1,2,1,1,1,1,0,1,1,0,1,0,0,0,1,1,1
0,2,1,1,0,1,0,2,0,0,1,0,1,1,1,1,2,2,2,2,0,1,2,0,0,0,1,1,0,2,0
0,1,1,0,0,0,1,1,0,0,0,1,1,0,0,1,0,0,0,1,0,2,0,0,1,0,1,0,1,2,1
0,0,2,0,0,1,2,0,0,0,1,0,1,0,1,0,0,0,2,1,0,0,0,0,2,0,0,0,1,1,1
1,1,0,0,1,1,0,0,0,0,2,0,0,0,0,1,0,1,0,1,0,0,2,0,0,0,1,0,1,2,0
1,1,1,1,0,1,0,0,2,2,0,0,0,0,1,0,1,1,2,1,2,2,1,0,0,0,0,1,0,2,0
0,0,1,1,0,0,0,1,1,1,1,0,1,1,1,0,1,1,0,0,0,2,1,0,1,0,0,1,0,1,0
0,0,2,0,1,1,0,2,0,1,1,1,2,0,2,0,2,2,0,0,0,2,1,0,0,0,1,1,0,2,0
0,0,1,0,0,0,2,0,1,1,0,0,0,0,2,0,2,2,0,0,2,2,1,1,0,1,0,1,1,1,1
2,1,1,0,0,1,0,0,0,0,0,1,1,0,0,1,2,2,1,2,2,2,0,0,1,1,0,1,1,0,0
0,1,2,0,0,1,1,1,0,0,1,0,0,0,2,0,2,2,0,1,2,2,1,0,0,0,0,0,1,2,1
0,0,2,1,0,1,2,1,1,1,1,0,1,0,0,0,0,0,1,1,1,1,1,0,0,0,2,0,0,1,1
1,0,2,1,0,1,1,1,1,1,0,0,0,1,0,2,1,1,2,0,0,2,0,0,1,2,0,0,1,1,1
0,0,1,0,0,1,1,1,1,1,0,0,2,2,1,1,1,0,2,0,2,1,2,1,0,0,1,0,1,0,1
0,0,2,0,0,1,1,0,2,1,0,0,0,1,1,0,1,1,1,0,0,2,1,0,0,0,0,0,0,2,0
1,1,1,0,0,1,1,0,0,0,0,1,0,1,1,0,0,0,2,0,0,0,0,0,1,1,0,2,0,1,0
0,1,1,0,0,1,2,0,0,0,0,0,0,0,0,1,2,2,0,0,0,0,0,0,2,0,0,1,1,2,1
1,1,1,0,0,1,1,0,1,0,1,1,0,1,0,1,0,0,1,0,0,1,1,1,2,1,0,0,1,1,0
1,0,1,0,1,1,1,1,0,0,2,0,0,1,1,1,0,0,0,0,0,2,2,1,1,1,0,0,0,0,1
1,0,1,1,0,1,2,0,0,0,1,0,1,0,0,0,1,1,0,0,0,2,1,0,0,1,2,0,0,2,1
1,0,0,0,0,1,1,2,1,1,2,0,1,0,1,0,1,1,0,0,1,1,2,0,0,0,0,1,1,1,1
2,0,1,0,0,2,1,0,0,1,1,0,1,1,0,0,0,0,0,0,1,0,2,2,1,0,0,1,1,0,0
1,0,1,0,1,1,1,1,1,2,0,0,0,1,2,1,2,2,1,0,0,0,2,1,0,1,0,0,1,2,1
0,1,2,1,0,1,0,1,0,0,1,2,0,1,0,0,2,2,1,0,0,1,1,1,2,0,1,1,0,1,1
0,0,1,1,0,1,0,1,2,2,1,0,0,0,0,0,2,2,0,0,0,0,2,0,0,0,0,1,0,1,0
1,1,1,1,0,1,0,2,1,1,1,1,0,0,0,1,0,0,0,0,0,0,1,0,1,0,0,1,1,0,1
0,0,0,0,1,1,0,0,0,1,2,0,2,1,1,1,1,1,1,0,0,2,1,1,0,0,1,0,0,0,1
1,0,2,0,0,1,1,1,0,1,0,0,0,1,1,0,1,1,0,0,0,0,1,1,1,1,0,1,1,2,1
1,0,1,0,0,2,1,1,0,0,0,0,2,2,0,0,1,1,1,0,2,1,1,0,0,0,0,1,1,1,0
2,1,2,1,0,0,0,1,0,0,1,1,1,0,0,0,0,0,0,0,0,0,2,0,0,2,0,0,1,2,0
1,0,0,0,0,1,0,2,0,0,1,0,0,0,1,2,2,2,0,0,0,1,1,1,0,0,0,1,1,2,1
1,0,2,2,0,1,1,0,1,1,1,1,2,2,1,1,1,1,0,0,2,0,0,1,1,0,0,1,2,2,1
1,0,1,1,0,0,0,0,1,1,0,0,1,1,0,1,1,1,0,0,0,0,0,2,0,1,0,1,0,2,1
0,1,1,1,1,1,2,2,0,0,0,0,0,1,2,1,1,1,1,1,0,2,1,0,1,1,0,0,1,0,1
2,0,1,1,1,1,2,1,0,0,0,1,1,1,1,1,0,1,0,0,0,0,2,0,0,0,0,1,0,0,1
0,0,1,0,1,0,0,1,1,2,2,1,0,0,2,1,1,1,2,0,0,2,0,0,0,1,0,1,0,1,1
2,0,1,1,0,1,0,1,0,0,0,0,0,2,1,1,1,1,1,0,0,0,0,0,0,0,0,0,1,1,1
1,0,0,1,0,0,1,1,0,0,0,0,0,0,0,0,0,0,2,1,0,0,1,0,0,0,0,1,1,0,0
1,1,1,0,0,0,0,1,1,1,0,1,1,1,1,1,1,1,2,0,2,2,1,1,1,1,0,1,0,1,1
0,0,1,2,0,1,2,1,0,0,1,1,0,0,0,1,0,0,1,0,0,2,1,1,1,1,0,0,0,1,1
0,1,1,0,0,1,0,1,1,1,0,0,0,0,0,2,1,1,1,0,0,2,1,0,1,0,1,1,1,0,0
1,0,1,0,0,0,1,0,0,1,1,0,0,0,2,0,1,1,0,0,0,2,1,0,0,0,0,0,0,2,1
0,0,1,0,0,0,0,1,1,1,0,1,0,0,0,0,0,0,1,1,0,2,1,1,1,0,1,1,0,2,0
0,0,0,0,1,0,1,0,0,0,0,1,0,0,0,1,1,1,1,0,0,2,1,0,1,1,0,1,0,2,1
1,0,0,0,0,1,0,0,1,1,1,1,1,0,2,0,0,0,0,0,2,2,1,1,0,2,1,0,0,1,0
0,0,0,1,0,0,0,2,0,0,1,0,0,0,0,1,0,0,1,0,2,0,0,0,1,0,1,1,1,1,1
1,0,2,0,0,1,0,2,0,0,0,1,0,0,0,2,2,2,0,0,2,0,2,1,0,1,0,1,1,0,1
0,1,2,0,0,0,0,2,0,1,2,0,1,0,1,0,0,0,1,1,2,0,1,1,1,0,1,0,0,1,1
0,0,1,0,0,1,0,1,1,1,1,0,1,0,0,0,2,1,2,0,0,0,0,0,0,0,1,1,1,2,1
1,0,1,1,0,0,0,1,1,0,1,0,2,1,0,1,1,1,1,0,2,2,1,1,1,2,0,1,1,1,0
0,0,0,1,0,2,0,1,1,1,0,0,0,0,1,1,1,1,1,0,2,2,0,0,0,0,0,1,2,2,0
0,0,1,1,0,2,1,0,1,1,1,0,1,0,0,0,0,0,0,0,2,1,1,2,1,0,0,0,0,0,1
0,1,0,0,0,1,2,0,0,0,1,0,1,1,2,0,2,2,1,1,0,1,0,0,0,0,1,1,2,0,1
1,1,0,1,0,0,1,1,0,0,2,1,0,1,0,0,1,1,2,0,0,2,1,1,0,0,2,1,0,0,1
1,1,0,0,0,0,1,0,1,1,1,1,0,2,1,0,2,2,1,0,2,0,1,0,1,0,1,1,1,1,1
0,0,1,1,0,1,0,2,0,0,0,1,0,0,1,1,0,0,1,0,2,2,0,1,0,2,1,2,0,1,0
1,1,0,0,0,1,1,1,1,1,1,0,0,0,1,0,0,0,1,1,0,2,0,0,1,0,1,1,0,0,1
0,0,1,0,0,2,1,1,0,0,1,0,0,0,1,1,1,1,0,0,0,0,1,0,0,1,0,0,2,0,0
0,0,2,0,0,0,1,1,0,0,1,0,1,2,2,1,1,1,1,0,2,2,2,0,1,0,0,1,1,2,0
0,1,0,0,1,1,2,0,1,2,2,0,0,0,1,0,1,1,0,0,2,0,2,0,0,0,1,1,0,1,0
1,0,1,0,0,1,1,1,1,1,1,0,0,1,1,1,0,0,0,0,2,0,1,1,1,0,0,1,1,0,0
1,0,2,0,1,2,0,1,0,0,0,0,2,0,0,1,2,2,1,1,2,0,1,0,1,0,1,0,1,1,0
0,1,0,1,1,2,2,1,0,1,0,0,2,1,1,1,2,2,1,1,0,2,1,0,1,0,0,0,0,1,1
2,0,1,1,0,0,0,0,0,1,0,0,0,0,1,2,1,1,0,0,2,1,2,0,1,0,0,0,0,2,1
0,0,2,0,0,0,2,0,0,0,2,0,0,0,2,1,0,0,0,1,0,1,1,1,1,0,0,2,2,0,1
2,0,0,1,0,1,0,0,2,2,2,2,0,0,1,0,1,1,0,0,2,0,1,0,0,1,0,0,0,2,0
0,1,1,0,0,0,0,1,0,0,0,1,0,1,0,0,1,1,0,1,2,0,0,0,0,1,1,2,2,1,1
0,0,0,0,0,0,1,0,0,0,1,0,0,0,1,1,2,2,0,0,0,1,2,0,1,0,1,1,1,2,0
1,0,0,1,0,1,0,2,0,0,0,0,1,0,0,1,1,1,1,1,0,1,0,1,0,0,0,0,1,2,0
2,2,1,0,0,1,2,0,1,1,0,0,1,2,0,0,1,1,0,0,0,2,1,0,1,0,1,2,0,0,0
0,1,2,0,0,1,2,1,1,1,1,1,0,0,1,0,1,1,1,0,0,0,1,0,0,0,0,1,1,0,1
0,1,2,0,0,0,1,0,1,1,0,0,1,1,0,0,2,2,2,0,2,0,0,1,1,0,0,0,0,2,1
1,1,1,0,0,2,0,2,0,0,0,2,0,0,1,1,0,0,0,1,2,2,1,1,0,0,0,2,0,1,1
0,0,0,1,1,1,1,1,1,1,1,0,0,0,1,0,2,2,2,1,2,0,0,0,1,1,2,0,1,1,0
1,1,1,0,0,0,2,1,0,0,1,1,0,0,1,0,1,1,1,1,0,0,1,0,1,2,0,0,0,1,0
2,0,0,0,0,1,0,1,0,0,2,0,1,0,2,2,0,0,1,1,1,0,1,0,1,0,0,1,1,0,1
0,1,2,0,1,0,0,0,1,1,1,0,1,0,0,0,2,2,1,0,0,0,0,0,1,1,0,1,0,2,1
0,0,0,1,1,1,1,0,0,0,1,0,1,0,0,0,1,1,2,0,2,2,0,2,2,0,0,1,0,2,0
0,0,2,1,0,0,1,2,0,1,0,1,0,1,1,2,1,1,2,0,2,2,1,0,1,2,0,1,0,1,0
1,0,2,1,0,0,2,2,0,0,1,2,0,0,0,2,1,1,1,0,1,1,2,0,2,0,0,1,1,1,1
1,2,1,0,0,1,1,1,0,0,2,1,2,1,0,1,1,1,1,0,0,2,2,0,0,0,0,0,1,1,0
1,0,2,1,0,1,0,0,1,0,1,0,0,1,0,2,2,2,1,0,2,0,0,1,0,1,1,1,1,1,1
1,1,1,1,1,2,0,0,1,1,1,0,1,1,0,1,1,1,1,0,2,2,1,2,1,1,0,1,0,2,1
1,0,1,0,0,0,1,1,0,0,0,0,1,0,1,2,2,2,0,0,1,1,1,1,1,2,1,1,1,1,1
0,1,0,0,0,0,2,1,0,0,2,0,2,0,1,0,2,2,1,0,2,1,1,0,1,0,0,1,0,1,0
1,0,2,2,0,1,1,1,0,0,0,0,1,1,0,1,1,1,0,1,0,2,0,0,0,0,1,1,1,1,0
1,0,1,1,0,1,1,0,0,0,1,0,0,1,0,1,1,1,0,0,2,0,1,1,1,1,0,2,1,2,0
1,1,1,0,0,1,0,1,0,0,1,1,0,0,1,0,2,2,0,0,0,0,1,0,0,1,0,2,0,2,1
2,0,2,2,1,0,2,0,1,2,1,1,0,1,0,1,1,1,0,0,0,2,1,0,0,0,0,1,1,1,1
1,1,1,0,1,1,1,2,0,0,0,0,0,1,1,1,2,2,1,1,2,0,0,1,0,0,1,0,0,0,0
1,0,0,0,0,0,1,0,0,0,1,0,0,1,0,0,1,1,1,0,1,2,1,1,1,0,2,0,0,1,1
0,0,2,1,0,1,1,1,1,1,0,0,1,0,0,1,0,0,1,1,0,2,1,0,1,1,1,0,0,2,1
2,0,1,0,0,1,2,1,1,1,2,0,0,2,1,2,2,2,1,0,0,0,0,0,1,1,0,0,0,0,1
1,1,2,0,0,0,0,0,0,0,1,0,1,0,1,0,2,2,0,0,0,1,0,0,1,0,0,0,0,0,0
1,0,1,0,0,1,1,1,1,0,0,0,0,0,1,0,1,1,0,0,2,2,2,0,0,0,0,0,1,2,1
1,1,0,1,0,1,0,1,2,2,1,1,0,1,2,1,1,1,2,0,0,2,1,0,0,0,1,0,0,1,0
0,0,1,0,1,2,0,0,2,1,1,1,1,1,1,0,1,1,2,1,1,0,1,0,0,1,0,1,0,1,0
1,0,1,1,0,0,0,1,0,0,0,0,0,1,0,0,1,1,0,1,0,2,2,0,0,0,1,0,1,0,0
2,0,1,1,1,1,0,2,0,0,0,0,0,0,2,0,1,1,1,1,0,0,1,0,1,0,0,0,1,1,1
0,0,1,0,0,1,2,1,1,1,1,0,0,0,1,1,1,1,1,0,0,2,0,0,0,0,0,0,1,1,1
1,1,0,1,0,0,0,1,1,1,1,0,0,1,0,0,1,1,0,1,1,2,2,1,2,0,0,1,1,0,0
0,1,1,1,1,1,0,1,2,2,0,0,0,1,0,0,1,1,1,0,2,1,1,1,0,0,1,1,2,1,1
1,1,0,2,0,0,0,1,1,1,1,0,0,0,1,1,1,1,1,0,0,0,1,1,0,0,0,0,1,1,1
0,0,1,0,0,1,1,1,1,0,2,0,2,1,1,0,1,1,0,0,1,1,0,0,1,0,0,1,1,1,1
1,0,1,0,0,1,1,1,0,0,1,0,0,0,0,1,1,1,2,0,1,1,1,0,1,0,0,1,1,2,1
1,1,1,0,0,1,1,1,2,2,1,0,0,0,1,1,1,1,1,2,0,2,1,0,1,1,1,0,2,2,1
1,0,2,1,1,1,0,0,1,0,0,0,0,0,1,1,0,0,2,0,0,2,2,0,1,1,0,0,1,0,1
1,0,1,0,0,0,1,1,0,1,1,1,0,1,1,2,1,1,1,0,0,2,2,0,1,1,0,2,0,0,1
1,1,1,1,0,0,1,1,0,0,0,0,1,0,0,0,0,0,1,0,1,1,1,0,1,0,1,0,0,0,0
1,0,2,0,0,0,1,2,1,1,0,0,0,0,1,0,1,1,2,0,2,0,1,0,1,0,0,0,0,1,1
0,0,0,1,0,1,1,1,1,1,0,1,0,1,1,2,0,0,0,0,0,2,1,2,1,1,0,0,2,2,1
0,0,1,0,0,2,1,0,0,0,2,0,1,0,0,0,1,1,0,0,2,2,0,0,0,1,0,2,1,0,0
0,1,1,0,0,0,2,1,0,0,0,0,0,2,1,0,0,0,0,0,2,0,1,0,0,1,1,0,0,2,1
1,1,0,0,0,2,1,2,1,1,2,0,1,1,1,0,1,1,0,1,0,0,2,0,1,1,0,1,0,1,1
0,0,2,1,0,0,1,1,1,0,1,0,0,2,0,0,1,1,0,0,2,0,1,0,1,1,0,0,0,1,0
0,0,1,2,0,1,1,0,0,0,0,0,1,1,0,1,1,1,0,0,0,0,1,1,1,0,1,0,2,2,1
0,1,0,0,0,1,0,1,0,1,1,0,0,0,2,0,1,1,0,1,2,0,1,1,0,1,0,2,1,2,1
2,1,2,0,0,2,2,1,0,0,1,0,1,0,0,1,1,1,1,0,1,0,1,0,1,0,0,0,0,0,0
1,2,1,2,1,1,1,0,0,0,1,0,1,0,0,1,0,0,1,0,2,2,0,0,1,0,1,0,0,1,0
0,1,1,1,0,0,2,0,1,1,1,0,0,1,0,0,0,0,1,0,0,2,1,1,0,0,0,0,1,1,0
0,1,2,0,0,1,0,1,1,1,1,1,0,0,2,0,1,1,0,0,0,0,0,1,0,0,0,1,0,1,0
1,1,0,0,0,1,2,1,0,0,1,0,0,1,0,2,2,2,1,1,2,2,1,1,0,0,0,0,1,1,0
1,0,1,0,0,1,2,2,1,1,0,0,1,2,0,1,1,1,0,0,2,0,2,0,1,1,1,0,0,1,1
0,0,2,1,0,1,0,0,1,0,0,1,2,1,2,1,2,2,1,0,0,0,2,0,0,0,0,1,1,1,1
1,0,1,1,0,2,1,1,1,0,0,0,1,0,1,1,1,1,1,0,0,2,1,2,0,0,1,1,1,2,1
0,0,0,2,0,0,1,1,1,1,2,1,1,0,1,1,2,1,1,0,0,0,1,1,0,0,1,0,0,1,1
2,0,2,1,0,0,1,0,1,1,1,1,1,1,1,1,1,1,1,1,1,1,1,0,0,0,1,1,1,1,1
1,1,0,0,0,1,1,2,0,0,1,0,0,0,0,1,2,2,1,0,0,1,1,0,1,1,0,1,1,2,1
0,1,2,0,0,2,1,1,0,0,0,1,1,0,0,0,2,2,1,0,0,2,0,0,0,1,1,0,0,1,1
0,0,2,0,0,0,1,1,1,1,0,0,0,1,2,0,0,0,0,1,0,2,2,0,1,0,1,0,1,1,1
0,1,1,0,0,1,0,1,0,0,1,1,1,1,0,0,1,1,1,1,0,2,0,0,0,0,0,1,0,1,1
2,2,0,0,0,2,1,1,1,0,0,0,0,0,0,1,1,1,0,0,0,2,0,0,0,0,1,0,0,1,0
0,1,1,2,0,1,0,2,0,0,0,0,2,2,2,0,1,1,0,0,0,2,0,0,1,0,0,0,0,1,0
0,0,1,0,0,1,1,1,0,0,1,0,0,0,2,1,2,2,1,1,1,1,1,0,0,1,1,0,0,2,1
0,1,2,1,0,2,1,0,0,0,1,0,0,0,0,0,1,1,0,1,1,1,0,0,0,1,1,0,0,1,1
1,1,1,1,0,1,1,2,1,1,2,0,0,0,2,1,2,2,1,0,0,2,2,0,0,1,0,1,0,2,0
0,0,1,0,0,1,1,0,1,0,0,0,1,0,1,0,0,0,1,1,2,2,1,0,1,0,0,0,1,1,1
0,0,1,0,0,2,2,2,0,1,1,0,1,0,1,2,1,1,1,0,1,1,0,0,0,1,1,0,0,1,1
0,0,2,0,1,1,1,0,0,0,1,0,0,0,1,1,1,1,0,1,2,2,1,0,1,0,1,1,0,1,1
1,0,0,0,0,1,0,0,0,0,1,0,0,0,2,1,2,2,1,0,2,0,1,0,0,0,0,1,0,0,0
0,0,0,1,0,0,1,1,0,1,2,1,0,0,2,0,1,1,0,0,2,0,1,0,1,1,1,1,2,2,0
1,0,1,0,0,1,1,1,1,1,1,0,0,0,2,0,1,1,1,1,0,2,1,1,0,0,0,0,1,1,0
0,2,0,1,0,1,1,0,0,1,1,1,0,1,1,1,1,1,1,1,2,2,1,0,2,0,2,0,1,1,1
0,0,0,0,1,1,1,1,1,1,1,0,0,0,0,1,2,2,0,1,2,2,1,0,0,0,0,1,0,0,0
1,1,1,0,0,0,0,1,0,0,2,1,1,2,2,1,0,0,0,0,1,1,1,0,0,0,0,0,0,1,0
1,0,0,0,0,1,0,1,1,1,0,0,0,0,1,0,1,1,2,1,0,1,1,0,0,0,0,0,0,2,0
1,0,2,0,1,0,1,0,0,0,0,0,1,1,0,1,1,1,2,0,0,2,1,1,1,0,1,1,1,1,1
0,0,1,1,0,1,0,2,1,2,0,0,1,0,2,0,0,0,0,0,1,1,2,0,0,0,0,0,0,2,0
1,0,1,0,0,1,1,2,0,0,1,1,0,1,0,2,1,1,1,0,2,0,2,0,0,0,1,0,1,1,1
1,1,0,1,0,1,1,0,1,1,1,0,0,0,0,1,0,0,1,1,0,0,0,0,1,0,1,1,2,0,1
0,1,1,1,0,1,1,0,1,1,0,0,0,0,1,1,1,1,1,0,0,2,1,0,0,2,1,1,0,1,0
1,0,2,0,0,1,1,0,1,0,0,1,1,0,0,1,1,1,0,0,1,0,2,0,1,0,0,0,0,2,1
0,0,1,1,0,0,2,0,0,0,1,0,1,1,0,0,0,0,1,0,0,1,2,0,1,0,0,1,1,2,0
0,1,0,0,0,1,1,1,0,0,2,0,1,1,1,1,1,1,1,0,2,1,1,1,1,1,1,1,1,0,0
0,0,0,0,0,0,0,0,0,0,0,0,0,0,0,1,1,1,0,1,0,2,1,0,1,0,1,0,0,1,0
2,0,2,0,0,1,0,1,0,0,1,0,0,1,1,1,0,0,0,0,0,1,0,0,2,0,0,0,0,1,0
0,0,1,0,1,0,2,1,1,1,2,0,0,0,2,1,2,2,1,0,0,2,1,1,0,1,0,0,1,0,1
1,0,0,0,0,1,0,2,0,1,1,0,0,0,1,0,2,2,0,0,0,2,1,0,0,0,1,1,0,2,0
1,1,1,1,0,2,0,2,1,1,2,0,1,0,1,1,2,2,1,0,1,1,0,0,1,0,0,2,1,2,0
0,0,1,1,0,1,1,1,1,1,0,1,0,0,0,0,1,1,2,0,0,0,1,0,0,0,0,0,1,2,1
1,1,0,0,0,1,1,1,1,2,0,1,0,1,0,1,2,2,0,0,0,1,1,1,0,0,0,0,1,0,0
0,0,2,0,0,1,1,1,0,0,0,0,1,1,2,0,2,2,1,1,2,0,0,1,0,0,0,1,0,1,1
1,0,0,1,0,1,0,2,0,0,0,1,1,1,0,1,1,2,0,0,0,2,1,0,0,0,2,1,0,2,1
1,0,0,0,0,1,1,0,1,1,0,0,0,0,1,1,0,0,0,1,2,2,0,1,0,1,1,0,2,0,0
0,0,0,1,1,0,1,2,1,1,1,0,0,0,2,1,1,1,0,0,2,1,0,0,1,0,0,2,0,2,1
0,1,2,0,0,2,1,1,0,0,1,1,1,0,0,1,1,1,0,0,2,2,1,1,1,1,1,0,0,1,1
0,0,2,0,0,1,2,2,0,0,0,0,0,2,1,0,1,1,2,0,0,2,2,1,1,1,0,0,1,0,1
0,0,0,1,0,0,0,2,1,1,2,0,0,0,0,0,0,0,1,0,0,2,1,2,0,1,0,2,0,0,0
1,1,1,0,0,2,1,0,0,0,2,0,0,0,0,0,2,1,1,0,0,0,0,0,0,0,1,1,1,2,1
1,0,1,1,0,1,1,1,0,0,1,0,0,1,1,0,1,1,1,0,0,1,0,1,0,0,0,0,0,1,0
1,0,2,0,0,0,1,2,0,0,1,0,0,1,0,2,1,1,1,0,2,0,1,1,1,0,1,0,0,0,1
2,0,0,0,0,1,0,2,1,2,0,0,1,1,0,0,2,2,2,0,2,0,0,0,0,0,1,1,1,1,1
0,0,0,0,0,0,1,2,0,1,1,0,0,1,1,0,1,1,1,0,0,2,0,1,0,0,0,1,0,1,0
1,0,2,1,0,0,1,1,1,1,1,1,0,0,0,0,1,1,0,0,0,0,2,0,1,0,1,0,0,2,0
1,0,1,1,0,0,0,0,1,1,0,0,1,1,2,1,2,2,0,0,2,0,2,0,0,1,0,1,0,1,1
2,0,1,1,0,2,1,1,1,1,0,0,1,0,0,2,1,1,0,0,0,2,1,0,0,0,0,1,2,1,0
0,0,1,0,0,2,2,0,0,0,0,2,1,0,1,1,1,1,1,0,1,0,1,1,0,0,0,0,1,2,1
1,0,1,1,0,0,0,1,0,1,2,0,1,0,1,0,1,1,2,0,0,0,0,0,0,1,1,0,0,1,1
1,0,1,1,1,0,1,0,0,0,1,0,1,0,1,1,2,2,2,0,0,0,0,0,1,0,1,0,0,1,1
1,1,0,0,0,1,1,1,0,0,0,0,0,0,1,2,2,2,0,0,2,0,1,0,1,1,1,1,1,2,0
1,1,0,1,1,0,0,1,1,1,2,0,0,0,1,0,1,1,0,0,0,2,1,0,1,0,0,0,1,0,1
0,0,0,1,1,2,1,1,0,0,0,0,0,1,1,1,0,0,1,2,2,2,0,1,0,2,0,0,0,0,1
0,2,0,1,0,0,2,2,0,0,0,0,1,0,2,0,1,1,0,0,0,0,1,0,0,2,1,0,0,0,0
0,0,2,0,0,1,1,2,0,0,1,0,0,1,1,1,2,2,0,0,0,2,1,0,1,0,1,0,0,1,1
2,1,1,0,0,0,1,1,1,0,2,0,0,0,1,0,0,0,1,1,0,2,0,0,1,1,1,2,1,1,1
1,0,1,1,1,1,0,2,1,0,1,0,0,1,1,1,1,1,1,0,0,0,0,0,2,1,0,0,1,0,1
0,0,0,0,0,0,2,0,0,0,0,0,1,0,1,0,1,1,0,0,0,1,1,0,0,0,0,0,2,0,0
2,1,1,1,0,2,0,1,0,0,0,1,0,1,0,1,1,1,1,0,1,1,0,0,0,0,0,0,0,1,0
0,0,0,0,0,1,1,1,1,1,1,0,0,1,0,1,0,0,0,0,0,0,0,1,1,0,0,2,0,1,1
0,0,1,0,0,2,2,1,0,1,1,0,0,1,1,1,0,0,1,1,2,0,0,0,0,0,0,1,1,2,0
0,0,1,1,1,1,1,2,0,0,0,0,0,0,0,1,0,0,0,1,0,2,1,0,0,0,0,1,0,1,1
1,0,1,0,0,1,1,1,0,0,1,1,0,1,1,1,0,0,0,0,0,0,1,2,0,1,0,0,0,2,1
0,0,2,0,0,1,2,1,1,1,1,0,0,0,0,0,1,1,0,0,2,0,0,0,1,0,2,0,0,1,0
0,0,1,0,0,1,1,1,0,0,0,1,0,0,1,0,0,0,2,0,0,0,1,0,1,1,1,0,1,0,0
0,1,0,2,0,0,1,1,2,2,0,2,1,0,1,1,2,2,1,0,0,1,1,1,1,0,0,1,0,1,1
2,1,1,1,0,2,1,1,0,0,2,0,0,0,1,0,0,0,0,0,0,0,0,0,0,0,0,0,1,1,0
1,1,1,1,0,1,1,0,0,0,1,0,0,0,1,2,2,2,0,0,0,0,1,0,1,1,0,0,2,1,0
1,1,1,1,0,0,1,2,1,1,1,0,0,0,0,1,2,1,1,0,0,2,1,2,1,2,0,1,0,2,1
2,0,2,1,0,2,1,0,1,1,1,1,0,0,2,0,1,1,0,0,0,0,0,0,0,1,1,0,0,1,1
0,0,0,0,0,1,2,1,0,0,0,0,0,1,0,1,1,1,2,1,0,0,0,0,1,0,0,2,0,2,0
1,0,0,0,1,1,1,2,0,0,0,0,1,1,1,1,2,2,1,1,2,1,1,0,1,1,0,1,0,1,0
1,0,0,0,0,1,1,1,1,0,0,0,1,0,1,2,0,0,1,0,0,2,0,0,1,2,0,0,0,1,1
0,0,2,1,0,2,0,1,0,0,2,1,1,1,1,0,1,1,1,0,0,0,0,1,0,0,0,1,1,1,1
1,0,2,1,0,1,0,1,0,0,1,0,0,1,0,1,1,1,0,1,2,0,2,0,0,2,0,0,1,2,0
0,0,0,0,0,2,1,1,0,0,1,0,0,0,0,1,1,1,1,0,0,0,1,1,0,0,1,1,1,1,0
0,1,2,1,1,0,2,1,0,2,0,1,0,1,0,1,0,0,0,0,0,0,1,0,2,0,1,1,0,1,0
0,1,1,0,1,0,1,0,1,1,1,0,2,1,1,1,1,1,1,0,0,1,0,0,1,0,1,0,1,2,1
1,0,1,0,0,1,2,0,0,0,0,0,1,0,1,0,2,2,0,0,0,2,0,0,0,0,1,2,0,1,0
0,0,1,2,1,1,2,0,1,1,1,1,0,2,1,1,0,0,0,0,1,0,1,2,0,1,1,1,1,2,1
0,0,1,0,0,0,1,2,1,1,0,0,0,1,0,0,1,1,1,0,0,0,0,0,1,0,0,0,1,1,0
1,1,1,2,0,0,0,2,1,1,1,1,2,1,0,0,0,0,0,1,0,0,2,0,1,0,1,0,1,1,1
1,1,0,0,0,1,1,0,0,0,1,0,2,1,0,0,1,1,1,0,1,1,1,0,1,0,1,0,1,1,1
2,2,1,0,0,0,0,2,1,1,2,0,0,0,0,1,1,1,0,0,2,2,1,0,0,0,0,0,0,0,1
1,2,1,1,0,0,2,0,1,1,0,0,1,1,1,2,1,1,0,0,0,2,1,1,0,0,0,0,0,1,0
0,1,1,0,0,0,2,1,0,1,0,1,0,0,0,2,1,1,1,0,0,2,2,0,0,0,0,0,1,2,0
1,0,2,1,1,0,1,1,0,0,1,0,0,0,2,0,2,2,0,0,0,2,1,0,1,0,0,1,1,2,0
1,1,0,1,0,1,0,0,2,2,2,0,0,0,1,1,0,0,0,0,2,0,0,0,0,0,1,1,0,1,0
0,1,1,0,0,2,1,1,1,1,2,0,0,0,0,1,1,1,2,0,2,2,1,0,0,0,0,1,0,1,1
1,0,0,1,0,1,2,2,0,0,2,0,1,1,0,0,2,1,1,0,0,0,1,0,0,1,0,0,0,1,0
1,0,0,0,0,2,2,0,0,0,0,0,0,0,1,1,2,2,1,1,0,0,1,1,1,0,1,1,1,1,0
1,0,1,0,0,0,2,0,1,1,0,1,0,1,0,0,0,0,0,1,2,2,1,0,1,0,0,2,0,1,1
2,0,1,1,0,0,0,1,0,0,1,1,0,1,2,1,1,1,1,0,0,0,2,0,1,0,0,1,2,0,0
0,2,0,1,0,2,2,1,0,0,0,0,0,0,1,1,0,0,2,0,0,0,0,0,1,0,0,1,1,1,0
1,1,1,0,0,1,0,0,1,1,2,0,0,0,0,1,1,1,1,0,2,0,1,0,1,1,0,1,1,1,1
0,0,2,0,0,1,0,1,1,1,1,0,0,0,1,0,0,0,0,0,0,2,1,0,2,1,1,0,0,2,0
0,2,2,1,0,1,1,1,1,1,1,0,0,0,1,0,0,0,2,1,2,0,1,0,0,0,1,1,0,1,0
2,0,2,0,0,0,1,0,1,1,0,0,1,1,0,0,1,1,0,0,1,2,1,0,0,0,0,1,1,2,1
1,0,1,2,0,1,2,2,1,1,0,0,0,0,1,0,0,0,1,0,2,2,2,1,0,0,1,1,0,0,1
0,0,0,0,0,1,1,0,1,1,0,0,1,1,2,1,0,1,0,0,0,2,0,0,1,1,0,1,1,2,1
0,0,1,2,0,1,0,1,0,0,1,0,0,0,1,1,2,2,2,0,1,1,1,0,0,0,0,1,1,1,0
0,0,0,0,2,1,2,0,0,0,1,0,0,2,0,2,2,2,2,0,0,2,2,0,0,1,1,0,0,0,1
0,0,2,0,1,1,0,1,1,1,1,0,1,0,0,0,2,2,0,1,0,0,1,0,0,0,1,1,1,1,1
0,1,1,0,0,1,1,0,2,2,2,0,0,0,0,2,0,0,2,0,0,0,1,0,1,1,0,1,0,1,0
0,1,2,1,1,1,1,0,0,0,1,1,1,1,1,0,1,1,0,0,0,2,1,1,0,1,0,0,1,0,1
1,0,0,1,0,0,1,1,2,2,0,0,1,0,0,1,2,2,1,0,0,0,1,0,1,0,1,0,0,0,1
0,1,1,1,0,0,1,1,0,0,1,1,0,0,1,1,0,0,0,1,0,0,1,0,0,0,0,2,1,0,1
2,1,2,1,0,1,1,1,0,0,2,2,0,0,1,0,0,0,1,0,0,2,1,0,0,0,0,0,1,0,1
2,0,0,0,1,0,1,0,0,0,0,0,0,0,1,1,1,1,2,0,1,0,1,0,0,0,0,0,0,0,1
0,0,2,1,0,1,0,0,2,2,0,1,1,0,2,0,1,1,2,0,0,0,1,2,1,0,0,1,0,2,1
0,0,0,0,0,0,0,2,1,1,1,0,0,1,0,1,2,2,1,0,0,0,0,1,1,0,0,1,1,0,1
0,0,2,0,0,0,0,1,1,1,0,1,1,0,0,1,1,1,0,0,0,0,1,0,0,0,0,1,0,1,1
0,0,1,2,0,2,1,0,1,1,2,0,0,1,1,0,1,1,1,1,2,2,1,0,1,0,1,0,0,1,1
0,0,1,1,0,1,0,0,1,1,1,0,1,2,0,0,1,1,2,0,0,0,1,1,2,0,0,1,2,0,0
0,0,1,1,0,1,1,2,0,0,2,0,0,1,1,1,2,2,1,0,2,2,1,0,0,0,0,0,0,2,1
0,1,2,0,0,1,2,0,1,2,0,0,0,1,0,0,2,2,1,0,0,2,2,0,1,0,0,0,0,0,1
2,0,2,0,0,0,0,2,0,0,0,0,0,0,1,1,0,0,2,0,1,2,2,0,0,1,1,1,0,1,1
0,0,1,1,0,0,0,2,1,1,1,0,0,1,0,1,1,1,1,1,0,0,0,0,1,0,1,0,0,1,1
1,1,2,0,0,1,1,0,0,0,0,1,1,0,0,1,2,2,1,0,2,0,1,1,1,0,1,0,0,1,0
0,0,0,2,0,1,1,0,1,1,1,0,0,1,1,0,0,0,1,0,0,1,0,1,2,0,1,2,0,1,1
1,1,2,0,1,2,1,2,0,0,0,0,0,0,0,1,1,0,1,0,0,0,2,0,0,0,0,1,0,1,0
0,0,1,0,0,0,1,0,0,0,0,1,0,0,2,0,2,2,0,1,1,2,0,0,1,1,0,0,0,1,1
1,2,1,0,0,0,1,1,0,1,1,0,1,0,0,0,1,1,1,0,1,1,1,0,2,0,0,1,1,1,0
1,2,2,0,0,0,0,0,0,0,1,0,0,0,2,0,1,1,0,0,2,2,1,0,0,1,0,1,0,0,0
1,1,0,2,0,0,1,0,2,2,1,0,2,2,0,1,1,1,0,1,0,0,1,1,1,0,2,1,1,1,1
0,1,0,0,0,1,1,1,1,2,1,0,1,2,1,0,1,1,0,1,0,0,1,0,0,0,0,2,2,2,1
2,0,1,1,0,1,1,0,1,1,1,0,0,0,1,0,1,1,0,1,0,0,2,0,1,1,0,0,1,1,0
1,0,1,0,0,1,0,1,1,1,0,2,1,2,1,1,0,0,1,1,0,2,1,0,0,0,0,1,0,0,1
0,0,1,0,0,1,0,0,0,1,1,0,0,0,1,1,0,0,1,0,0,2,1,2,1,1,1,2,0,1,0
1,2,1,1,0,1,0,2,1,1,1,0,0,1,1,0,1,1,0,1,0,0,1,0,0,0,0,1,0,0,1
0,0,0,1,0,2,1,1,0,0,0,1,0,0,1,0,0,0,0,0,2,0,0,0,1,0,0,1,0,1,0
1,0,1,0,0,1,2,1,1,1,0,1,1,1,0,2,0,1,2,0,1,1,2,0,0,0,1,0,0,1,1
1,0,1,0,0,1,1,2,0,0,0,1,0,0,2,1,1,1,1,2,0,2,2,0,0,1,0,0,1,1,1
1,0,1,0,0,1,1,1,0,0,0,0,1,0,0,0,0,1,0,0,2,2,2,0,0,0,0,1,0,1,0
0,0,1,0,0,0,1,1,1,1,1,0,0,0,1,0,2,2,0,0,2,2,1,1,1,0,0,0,0,0,1
1,0,0,1,1,0,0,0,0,0,0,1,0,0,1,0,1,0,2,0,1,2,0,0,2,0,0,0,0,1,1
1,0,1,0,0,0,1,1,0,0,0,1,0,0,1,0,0,1,1,0,0,0,2,0,1,0,1,0,0,1,1
1,0,2,0,0,0,1,0,0,0,1,0,0,1,0,0,1,1,2,0,0,2,1,0,0,1,0,1,0,2,1
1,0,0,0,0,1,2,1,0,0,1,0,2,1,0,0,1,1,1,1,0,1,2,1,1,1,0,2,1,0,1
0,1,2,0,0,0,1,1,1,1,1,0,0,0,1,2,2,2,0,0,0,0,2,0,0,0,0,1,1,2,0
2,0,1,0,0,0,2,1,1,1,0,0,1,2,1,0,0,0,1,0,0,2,1,0,0,0,1,1,0,0,1
1,0,1,1,2,0,2,1,1,1,0,2,0,0,1,1,2,2,0,1,0,2,1,1,0,0,2,1,1,1,1
0,0,2,0,1,0,0,2,1,1,2,0,1,1,1,1,1,2,1,0,0,2,0,0,1,1,0,1,0,1,1
1,1,2,1,0,0,2,0,2,2,1,0,0,1,1,1,0,0,0,0,0,0,1,0,0,1,1,0,0,0,0
2,1,2,0,1,1,0,1,1,1,2,1,0,0,2,1,1,1,1,0,2,0,2,1,0,0,0,0,1,1,1
0,0,1,1,0,1,1,0,1,1,1,1,0,1,0,1,1,1,0,0,0,2,0,1,2,0,0,0,1,2,1
0,1,0,0,0,1,1,1,1,1,1,1,1,0,0,0,1,1,0,2,0,0,1,0,2,1,0,1,1,1,0
2,0,0,1,0,1,0,1,1,1,1,0,0,2,0,0,2,2,0,0,0,0,1,0,0,1,0,0,1,1,1
2,0,1,1,1,2,1,0,0,0,1,1,1,1,1,0,1,1,0,0,0,2,1,0,0,1,0,1,1,1,0
0,0,0,2,0,1,0,0,2,1,1,0,2,0,0,0,0,0,1,0,2,2,2,0,0,0,0,1,1,1,1
0,1,2,0,0,0,0,1,0,0,2,0,0,0,1,1,1,2,0,0,0,2,1,0,0,0,0,2,0,1,0
0,0,1,1,0,1,0,0,1,1,1,1,0,0,0,1,1,1,1,0,0,1,1,0,0,1,1,0,0,1,1
1,1,0,0,1,2,1,0,0,1,1,0,0,0,2,0,0,0,1,0,0,1,0,0,0,0,0,1,1,1,1
0,1,2,2,1,0,1,0,0,0,1,0,0,0,2,0,0,0,0,1,0,0,2,2,0,0,0,1,0,2,0
0,2,0,0,0,0,1,1,1,1,0,0,0,0,1,1,1,1,1,0,1,2,2,0,0,0,0,0,1,0,1
0,0,1,0,1,1,1,2,2,2,1,0,0,2,1,0,1,1,0,0,0,2,0,0,1,0,0,1,1,1,1
1,1,1,1,0,1,0,1,0,0,1,1,1,1,0,0,0,0,1,0,0,2,1,1,1,0,0,0,0,1,0
0,1,0,0,0,1,0,1,0,0,1,0,1,0,1,0,0,0,1,0,1,1,1,0,0,1,1,2,0,1,1
0,0,1,0,0,1,0,0,1,1,2,0,0,1,1,0,2,2,1,0,1,2,2,0,0,0,0,1,0,0,0
0,0,0,2,0,0,1,2,1,0,1,1,1,1,1,2,1,1,2,0,0,2,1,0,0,0,1,0,2,1,0
0,1,0,0,0,1,1,2,1,1,0,0,0,1,0,1,1,1,2,1,0,2,1,0,0,0,1,1,1,1,0
0,0,0,2,1,1,1,1,0,0,1,0,1,2,0,1,0,0,2,1,0,0,1,0,0,0,0,0,1,1,0
1,0,2,0,2,0,0,1,0,0,0,0,1,0,0,2,0,0,1,0,0,0,2,0,1,0,1,0,0,0,1
1,0,0,0,0,0,1,1,0,0,2,0,0,1,0,0,2,2,0,0,0,0,0,1,1,0,1,2,0,1,1
1,2,2,0,0,0,1,1,0,0,1,1,0,0,1,0,0,0,1,0,1,0,0,0,2,1,0,2,0,0,1
0,1,2,1,0,1,1,1,1,1,2,0,1,1,0,0,1,1,0,0,0,0,1,0,2,0,0,1,0,1,0
1,0,0,0,1,2,0,1,1,1,1,0,0,0,2,0,2,2,0,0,2,1,1,0,0,0,1,0,0,0,0
1,1,1,1,0,1,2,1,1,1,0,0,0,0,0,0,1,1,1,0,0,2,1,1,1,1,1,1,0,1,1
0,0,2,2,0,2,1,0,1,0,1,0,0,0,1,0,2,2,2,0,2,2,2,1,2,0,0,0,1,2,0
0,0,1,1,0,0,1,1,1,1,1,0,1,0,0,0,1,1,0,0,0,2,1,0,1,2,0,2,2,0,0
0,0,1,0,0,0,1,1,0,0,0,0,2,1,0,0,1,1,1,1,0,0,1,0,0,0,0,0,0,2,1
1,0,1,1,0,0,1,1,0,0,1,0,0,0,1,0,1,1,0,0,2,2,1,1,1,0,0,1,1,1,0
1,0,1,0,0,0,0,0,1,1,2,0,0,1,0,1,2,2,1,1,1,2,1,1,0,0,0,1,1,0,0
0,1,2,0,0,1,0,0,1,1,1,0,0,0,1,0,1,1,0,0,2,2,2,0,1,0,2,0,0,0,1
1,1,0,0,0,1,0,1,0,0,1,0,0,1,1,1,0,0,0,1,0,0,1,0,0,0,0,1,0,2,0
1,0,0,1,0,0,0,0,0,0,0,0,0,0,0,0,0,0,0,1,1,1,1,0,2,0,1,1,1,0,1
1,0,1,0,0,0,0,1,0,0,1,0,0,0,0,0,1,1,1,0,1,1,1,0,1,1,0,2,1,2,1
1,0,2,0,0,1,0,1,0,0,0,0,0,0,1,0,0,0,0,0,1,1,2,0,0,0,0,1,0,1,0
0,0,1,0,0,0,1,1,0,1,0,0,1,2,0,1,0,0,0,0,2,2,1,1,1,2,0,2,1,0,1
0,1,0,0,0,2,1,1,0,0,0,0,0,0,0,0,2,2,1,1,1,1,2,1,0,0,1,0,1,0,1
0,0,0,0,0,1,0,2,1,1,2,0,0,0,0,2,1,1,2,0,0,2,0,0,0,1,0,0,0,0,1
1,0,2,1,0,2,2,1,1,2,1,1,0,1,0,1,1,1,0,0,0,2,2,0,0,0,1,1,0,1,0
0,1,1,0,0,1,0,2,1,1,1,0,0,1,0,0,1,1,1,0,0,2,0,0,0,1,0,1,0,0,1
0,0,2,0,0,1,1,2,2,2,2,0,2,0,2,0,1,1,0,0,0,2,0,1,1,0,0,1,2,2,1
0,0,2,1,0,0,0,2,1,2,1,0,0,0,2,1,1,1,0,0,0,2,1,1,2,1,1,0,1,1,0
1,2,1,1,0,2,0,1,0,0,2,1,0,1,1,1,0,0,1,0,0,1,0,0,0,1,0,0,1,1,1
1,2,1,0,1,0,0,1,0,0,0,0,0,1,0,0,1,1,0,0,0,1,0,1,0,0,0,0,0,1,0
1,0,1,1,0,1,1,0,0,0,2,1,0,0,0,1,1,1,1,0,0,0,0,0,2,0,0,0,0,1,1
0,0,1,1,0,2,0,1,1,0,0,1,0,0,2,0,1,1,2,0,0,1,0,1,2,0,1,0,0,0,1
