rs10259665_A,rs17288506_C,rs12544752_C,rs10111139_T,rs10986614_C,rs704001_T,rs10772350_C,rs616614_T,rs10519170_G,rs1517619_G,rs6542610_C,rs759341_A,rs4777908_T,rs8046435_A,rs4843349_A,rs222774_A,rs9902978_C,rs3976787_T,rs526891_G,rs921705_C,rs13038653_T,rs6136189_G,rs5950358_C,rs5950364_G,rs3747340_T,rs11695562_C,rs935412_C,rs3885648_A,rs1870919_G,rs2885579_A,rs6555155_G,rs31036_C,rs34961061_T,rs9388153_T,rs17052816_G,rs11154685_G,rs2277083_A,rs7413702_G,rs1364729_C,Labels
0,1,1,0,0,0,1,2,1,1,2,1,2,0,0,0,0,1,0,1,0,0,0,0,2,2,1,0,0,1,1,0,1,0,0,0,1,0,0,1
1,1,0,1,0,1,0,1,0,0,0,1,0,2,1,0,1,0,0,0,0,0,0,0,0,0,1,1,1,1,1,0,0,1,0,0,1,0,0,1
0,0,0,1,0,0,1,0,0,0,1,1,1,1,0,0,0,0,0,2,1,1,0,0,0,0,0,1,0,1,0,0,1,1,0,0,1,0,0,1
0,0,0,1,1,0,1,0,2,0,2,2,2,1,0,1,0,1,0,0,0,0,0,0,0,1,2,0,1,1,2,2,0,1,0,0,0,0,0,1
0,1,0,1,1,1,0,1,0,0,1,0,2,0,0,2,1,2,0,1,0,0,1,1,0,1,1,1,2,0,2,0,0,0,0,1,1,0,1,0
1,1,0,1,0,0,2,0,0,0,2,2,2,1,0,1,0,2,1,0,0,0,0,0,2,1,1,1,2,0,2,1,1,0,0,0,2,1,1,0
0,1,2,1,1,0,1,2,0,1,1,0,1,1,1,1,0,1,0,0,0,1,0,0,0,0,0,1,2,0,1,1,1,1,0,1,1,0,0,0
0,0,0,1,0,0,1,1,0,0,2,0,2,1,1,0,0,1,0,1,1,1,0,0,1,1,0,0,0,0,2,0,0,2,0,1,0,0,1,1
2,1,0,2,2,0,0,0,0,0,1,1,2,2,1,1,1,1,0,0,0,0,0,0,0,2,1,1,0,1,2,1,1,2,0,0,2,0,0,0
0,1,0,1,0,0,1,0,1,1,0,2,1,1,0,0,0,0,0,1,0,0,0,0,0,1,1,0,1,2,0,1,0,1,0,1,0,0,0,1
0,0,0,2,1,0,0,2,0,1,1,1,2,0,0,1,1,0,2,0,0,1,0,0,0,1,0,1,1,0,1,0,0,0,0,0,0,0,0,0
1,0,2,0,0,0,2,1,0,1,2,0,1,2,0,0,0,0,1,1,0,1,0,0,0,0,1,0,0,0,1,0,0,2,0,0,1,0,0,0
0,0,0,1,1,0,1,0,0,0,0,0,1,1,0,0,1,0,0,0,0,0,0,0,0,0,0,1,0,1,1,1,0,0,0,1,0,1,0,0
1,0,0,0,0,0,1,2,1,0,0,0,1,1,0,0,0,1,1,2,0,0,0,0,0,1,1,0,0,0,2,0,0,0,2,1,1,0,1,1
1,0,0,0,0,0,0,2,1,0,1,2,0,0,0,0,1,1,0,0,0,0,0,0,2,0,0,0,1,1,0,1,0,0,0,1,1,0,1,0
0,0,1,1,0,0,1,0,0,0,1,1,2,0,0,0,0,0,0,1,0,0,0,0,0,0,1,1,0,2,2,0,1,0,1,0,0,1,0,1
1,1,1,1,1,0,2,0,0,0,0,0,1,0,1,0,1,1,0,1,0,1,0,0,0,1,0,1,0,1,2,2,0,1,0,1,1,0,0,1
0,2,1,1,1,1,0,0,0,0,2,0,1,1,0,1,1,1,0,1,0,1,0,0,0,0,1,1,0,0,1,1,1,0,1,1,1,0,0,1
1,0,1,1,0,1,0,1,0,0,0,0,1,2,1,1,0,2,0,1,0,0,0,0,0,0,1,0,1,1,0,1,0,1,1,0,1,0,0,1
1,1,1,1,1,0,1,1,0,0,2,0,1,1,1,1,2,0,1,0,1,1,0,0,0,1,0,0,0,1,1,0,0,0,0,0,1,1,0,1
2,2,1,0,0,1,0,1,0,0,0,0,1,1,0,1,1,1,0,0,1,2,0,0,0,1,0,0,0,0,2,2,1,1,0,2,2,0,0,1
0,2,0,1,0,0,0,2,0,0,2,1,0,0,1,1,0,0,2,0,0,0,0,0,0,0,0,0,1,0,0,0,0,2,0,1,1,1,0,0
1,1,1,1,0,0,1,1,0,0,1,0,0,0,0,2,0,0,2,1,0,0,0,0,0,0,2,0,0,1,2,0,0,0,0,1,0,0,1,1
0,1,2,2,0,0,0,1,0,1,2,0,1,0,0,0,0,1,0,0,0,0,0,0,0,0,0,0,1,0,0,0,0,1,0,0,0,0,0,0
0,1,1,1,0,0,1,2,1,0,2,1,0,2,1,2,1,0,0,1,0,0,0,0,0,0,1,2,2,1,1,2,0,2,0,0,1,1,0,1
2,2,0,0,1,1,0,2,0,1,0,1,2,1,0,0,1,1,0,1,0,0,0,0,0,1,1,0,0,0,1,0,1,1,0,0,0,0,0,1
0,1,1,2,1,0,0,2,1,1,1,1,0,0,0,0,0,1,0,0,0,1,0,0,1,1,1,1,1,0,1,0,0,0,1,1,0,0,0,1
2,1,0,1,1,1,1,0,0,0,2,1,2,2,0,1,0,0,0,1,0,0,0,0,1,0,1,1,1,0,2,0,0,0,1,0,2,0,1,0
0,0,0,0,0,1,0,2,0,0,0,1,1,1,0,1,1,0,0,0,0,0,0,0,0,0,0,2,0,1,1,0,0,1,0,1,1,0,0,0
1,0,0,0,0,1,0,1,0,0,1,0,0,2,1,0,0,1,0,0,0,0,0,0,0,0,1,0,0,0,2,0,0,1,1,0,1,0,0,0
0,0,0,2,0,1,1,2,1,1,1,1,1,1,0,0,1,1,0,1,0,0,0,0,0,1,1,1,0,2,1,1,1,1,0,0,0,0,0,1
0,1,0,1,0,0,1,1,1,1,0,1,2,1,0,0,2,2,1,1,1,1,0,0,1,1,1,0,2,1,0,0,0,2,1,0,2,0,1,1
0,0,1,1,0,0,1,2,0,0,0,2,2,1,1,0,1,0,1,1,0,0,0,0,0,0,1,0,0,2,1,0,0,1,0,1,1,1,1,0
1,1,0,1,1,1,2,1,0,0,2,0,0,1,0,1,1,0,0,0,1,1,0,0,0,1,0,1,1,0,1,0,0,0,0,1,2,0,0,1
1,2,0,1,0,0,2,1,0,0,1,1,1,1,0,1,0,1,0,0,0,0,0,0,0,1,1,1,1,1,1,2,0,0,0,1,1,0,0,1
0,0,0,0,0,0,1,2,0,0,1,0,1,1,0,2,1,0,0,1,0,0,0,0,0,0,1,2,0,1,0,2,0,0,0,1,1,0,1,0
1,0,1,2,0,1,1,1,0,2,1,1,0,0,0,2,1,1,0,0,1,1,2,0,0,2,1,0,0,0,2,1,0,2,0,1,0,2,0,0
1,0,0,1,1,0,0,2,1,1,1,0,1,2,1,1,2,1,0,0,0,0,2,2,2,0,1,0,0,2,0,2,1,1,0,1,1,0,1,1
0,1,2,1,1,1,1,0,0,2,2,0,0,1,0,0,1,0,1,1,0,0,0,0,2,1,1,0,0,1,1,0,0,1,1,1,0,0,0,1
0,2,1,1,0,2,0,0,0,0,1,0,1,2,0,1,1,1,1,0,1,1,0,0,2,1,0,1,0,0,2,0,0,1,1,0,1,0,1,1
1,0,1,1,0,0,1,1,1,1,0,0,0,2,0,1,1,0,0,0,0,0,0,0,0,0,1,0,2,0,1,1,0,1,0,0,0,0,1,0
1,0,1,1,0,0,2,1,0,0,1,1,2,2,2,0,1,2,0,1,0,0,0,0,0,2,1,0,0,2,2,0,1,0,0,0,0,2,0,1
0,1,0,1,0,0,1,2,1,0,1,0,0,1,1,2,1,0,0,1,0,0,0,0,0,1,0,1,0,0,1,1,0,0,0,0,0,0,0,1
0,2,0,0,0,1,1,2,0,1,1,0,2,1,0,0,0,0,0,0,0,0,0,0,0,0,0,0,1,1,0,2,1,0,0,0,0,0,0,1
0,2,0,0,0,0,1,1,0,0,0,0,0,1,0,0,0,1,0,0,0,1,2,2,2,0,1,1,0,1,1,1,0,0,1,2,1,0,0,1
1,0,0,1,1,0,1,1,1,2,1,1,2,2,0,0,2,2,0,2,0,0,0,0,0,1,0,2,1,2,1,0,0,2,0,1,0,1,1,1
0,0,0,1,0,1,1,2,0,0,1,0,0,2,0,0,0,1,0,1,1,1,0,0,1,1,0,1,1,1,2,1,0,0,0,1,0,0,0,1
2,1,0,0,0,0,0,2,0,0,2,1,1,0,0,2,1,2,0,0,0,0,0,0,2,1,1,0,0,0,1,0,0,0,0,0,1,0,0,0
0,1,0,2,1,1,1,0,0,0,1,2,1,1,1,1,0,1,0,2,0,0,0,0,0,1,0,1,1,0,1,0,0,0,0,2,0,1,1,0
0,1,1,2,0,0,1,0,0,1,2,1,2,1,0,1,2,0,0,2,2,2,0,0,0,0,0,0,0,1,1,1,0,2,0,1,1,0,0,0
1,1,1,0,1,1,1,1,0,1,1,0,1,0,0,2,1,1,0,0,1,1,0,0,0,0,1,1,0,0,1,1,1,1,0,1,0,0,0,0
0,0,0,1,0,0,0,1,0,1,1,1,1,1,0,1,1,0,0,0,0,0,0,0,0,1,1,0,0,0,1,1,0,1,0,1,1,0,0,1
0,0,1,1,0,2,2,2,0,0,1,1,1,0,0,2,0,1,0,1,0,1,2,2,0,1,0,0,0,0,0,1,1,0,0,1,1,0,0,1
1,0,0,0,0,0,0,1,1,1,1,1,2,1,0,0,1,0,0,1,0,0,0,0,0,2,0,0,0,0,1,0,1,1,0,2,1,0,1,1
1,2,1,1,0,0,2,0,1,0,2,1,0,1,0,0,1,1,0,1,0,1,2,2,0,1,1,1,0,0,2,1,1,1,0,0,2,1,0,0
0,0,0,0,1,0,1,1,0,0,0,2,1,2,0,1,0,0,1,1,0,0,0,0,0,1,1,1,2,0,2,0,1,1,0,1,2,0,1,0
0,1,0,1,0,1,0,2,0,2,0,1,2,1,0,1,1,0,0,1,0,0,1,1,0,0,1,0,0,1,1,2,0,0,0,0,1,0,1,0
0,0,1,1,0,1,1,2,1,2,1,1,0,0,1,0,0,0,0,1,1,1,0,0,0,1,1,0,1,0,2,0,1,2,0,0,1,0,0,0
0,0,1,0,1,1,1,1,1,0,1,1,0,1,0,2,0,1,0,0,0,0,0,0,0,1,1,0,0,0,0,1,0,1,0,2,0,1,1,0
2,0,0,2,0,0,1,1,1,0,1,0,0,1,0,1,1,1,0,0,0,0,0,0,0,1,2,0,2,0,1,1,0,0,0,1,0,0,0,0
0,2,0,1,0,0,1,0,1,0,1,1,0,2,0,1,1,2,0,1,1,1,0,0,0,0,1,0,0,0,2,1,0,0,0,1,0,0,0,0
0,2,0,2,1,1,1,0,0,0,0,1,0,1,0,2,0,0,0,0,0,0,0,0,0,2,0,0,0,0,1,1,1,1,0,1,0,0,1,0
1,1,0,0,0,2,2,2,0,0,1,0,2,1,0,1,1,2,0,1,1,1,0,0,0,1,1,1,0,1,2,0,0,1,1,1,2,0,0,0
1,0,0,1,1,0,1,2,0,1,1,1,0,1,0,2,1,1,0,0,1,1,0,0,0,0,0,0,0,0,0,1,0,0,1,1,0,0,0,0
2,1,0,1,0,0,0,1,0,0,2,1,2,1,1,2,0,1,0,0,0,0,0,0,0,0,1,0,0,1,1,1,0,0,0,0,1,0,1,0
0,1,2,1,0,0,1,2,0,0,1,0,1,1,0,0,0,0,0,1,1,1,0,0,0,0,1,0,1,0,2,1,1,1,0,1,1,0,1,0
1,2,1,0,0,0,0,0,0,0,1,2,1,0,0,1,1,2,1,0,0,0,0,0,0,1,1,1,1,1,2,2,0,2,0,0,2,0,0,0
1,1,1,1,0,0,2,1,1,1,1,0,1,0,0,1,2,1,0,1,0,0,0,0,0,0,1,1,1,1,0,2,0,1,1,0,2,0,0,1
1,0,0,2,1,0,1,2,0,0,1,0,0,2,1,2,1,1,0,0,1,1,0,0,2,0,1,0,0,2,1,1,0,1,0,0,1,0,0,1
0,1,1,0,1,1,0,0,0,0,0,1,1,0,0,0,1,0,0,0,1,1,0,0,2,0,0,0,0,1,2,1,0,0,1,0,2,0,0,1
0,1,1,1,0,0,0,2,0,1,0,0,1,0,1,2,0,2,0,1,1,1,0,0,0,1,1,0,1,1,0,1,0,0,0,0,1,0,0,0
1,2,0,1,0,0,0,2,0,0,0,0,0,0,0,0,1,1,0,1,0,0,0,0,0,0,1,0,1,0,0,1,0,1,0,0,1,0,1,0
1,2,1,0,1,2,2,1,1,0,0,1,1,1,0,1,0,2,0,0,0,0,1,1,0,0,1,0,0,1,1,0,0,1,1,0,0,0,1,0
0,1,0,1,0,0,0,1,1,1,1,2,1,0,0,1,1,1,0,1,0,0,0,0,0,2,1,2,1,0,1,0,0,1,0,1,1,1,2,1
1,0,1,0,0,1,1,0,0,2,1,0,1,1,0,1,2,1,0,0,0,0,0,0,0,0,0,0,0,0,1,0,0,0,0,1,0,0,0,1
0,1,0,0,0,1,1,0,1,0,1,0,1,1,0,2,0,1,0,1,1,1,0,0,0,2,1,0,0,0,1,0,1,1,1,1,0,0,0,0
1,1,1,2,0,1,0,2,1,0,0,0,0,1,0,0,1,1,0,0,0,0,1,1,1,0,0,0,1,1,0,2,0,0,1,0,1,0,0,1
1,0,0,1,1,0,1,1,0,0,0,1,0,0,0,0,0,1,0,0,0,0,0,0,2,1,1,1,0,0,1,0,0,0,1,0,1,0,1,1
1,0,1,1,0,1,2,0,0,2,0,0,1,1,2,0,1,0,0,1,1,1,1,1,1,1,0,1,1,0,1,1,1,1,1,0,1,0,0,1
1,1,2,1,1,1,0,1,1,0,0,0,0,2,0,1,0,1,0,0,1,1,0,0,0,1,1,1,0,0,1,1,0,1,1,0,2,1,1,0
1,0,0,1,0,0,0,1,0,0,1,0,0,1,0,0,0,1,0,0,0,0,2,2,0,1,0,0,1,1,0,1,1,0,0,0,0,0,1,0
0,1,0,1,0,2,1,1,0,1,1,0,1,1,1,2,2,1,1,0,0,0,0,0,0,1,2,1,1,0,1,1,0,2,0,0,0,0,1,1
1,0,1,0,0,0,2,0,1,1,1,1,1,1,0,1,0,1,0,1,0,0,0,0,1,0,0,1,0,2,2,0,0,2,0,0,1,0,1,1
0,0,0,1,0,0,2,0,0,0,0,1,2,2,0,1,0,0,0,0,1,1,0,0,0,1,1,2,0,1,0,1,0,2,0,1,0,0,0,0
0,1,0,1,0,0,1,1,0,1,0,1,0,0,0,1,0,1,0,2,0,0,0,0,0,1,1,1,0,0,1,1,0,0,0,1,2,0,1,1
1,0,0,1,1,2,1,1,0,0,1,0,0,0,0,1,1,0,0,1,0,0,0,0,0,0,1,0,1,1,1,1,0,0,1,1,2,0,2,0
0,2,0,1,0,0,1,1,0,1,0,0,0,1,0,0,0,0,2,0,0,0,0,0,0,2,1,0,0,0,1,0,0,1,0,0,2,0,0,1
1,0,0,0,0,0,1,1,0,1,2,0,1,0,0,0,0,2,0,2,1,1,0,0,0,2,1,0,0,1,2,1,0,1,0,0,0,1,2,1
1,0,0,1,0,0,0,1,0,0,0,1,1,1,2,1,0,0,0,1,0,0,0,0,0,0,0,2,0,1,2,1,0,2,0,2,0,0,0,0
0,0,1,2,0,0,0,1,1,1,0,2,0,2,1,2,0,1,1,1,0,0,0,0,0,1,1,1,1,0,1,0,1,1,0,0,1,0,1,0
2,2,2,2,0,1,1,0,0,1,1,0,1,1,0,1,1,0,0,0,0,0,0,0,2,1,0,2,0,2,1,1,0,0,1,1,1,0,0,1
1,1,1,1,1,0,1,1,0,0,0,1,1,0,0,1,1,2,0,1,0,1,0,0,0,1,1,0,0,2,1,1,0,1,0,0,1,0,0,1
1,1,0,1,1,0,0,1,0,0,0,1,1,1,0,0,1,1,0,0,0,0,0,0,0,2,0,1,2,2,1,0,1,2,1,0,1,0,0,0
1,1,0,2,0,1,0,1,0,1,2,2,0,1,1,1,1,0,0,1,0,0,0,0,1,1,1,0,0,2,1,2,0,0,0,1,0,1,1,1
0,1,1,1,1,0,2,1,0,2,2,1,1,0,1,1,1,1,0,0,0,1,0,0,1,1,0,0,0,0,1,1,0,0,2,0,1,0,0,0
2,0,0,1,0,0,1,1,0,1,2,1,0,1,0,1,0,1,0,0,0,0,0,0,0,1,0,0,0,0,2,0,0,1,0,1,0,0,0,1
0,0,1,1,1,1,1,1,0,0,1,1,0,2,0,0,0,2,1,1,0,0,0,0,1,1,1,0,0,1,2,1,2,0,0,1,0,2,1,1
0,0,1,0,1,1,0,1,0,0,2,2,2,2,0,0,2,0,0,2,0,1,0,0,0,0,1,0,0,1,0,0,0,0,0,2,1,0,0,1
2,0,0,1,0,0,1,0,0,1,0,0,1,1,0,1,1,1,0,0,0,0,0,0,0,1,1,0,1,1,0,0,1,0,0,0,0,0,0,0
1,1,0,2,0,1,1,1,1,0,2,1,1,1,0,0,1,1,0,1,1,1,0,0,0,1,1,0,1,1,0,0,0,1,0,1,2,1,0,1
1,0,1,1,2,0,1,0,0,0,1,0,2,1,0,2,2,1,0,1,0,0,0,0,0,1,0,1,2,1,2,0,0,0,0,0,2,2,0,1
1,0,1,2,1,0,0,1,1,1,1,1,2,1,0,1,0,1,0,1,0,0,0,0,0,1,0,1,0,0,1,0,0,0,0,1,1,0,0,1
0,2,1,1,1,0,0,2,0,1,2,1,1,2,0,1,0,1,1,1,0,0,0,0,0,0,0,1,0,0,0,1,1,1,0,1,2,1,0,1
1,2,0,2,1,0,2,2,0,0,0,0,2,0,0,1,2,1,0,1,1,1,0,0,0,2,0,1,0,1,2,2,1,1,0,0,1,0,0,0
1,1,0,1,0,1,0,1,0,0,1,0,0,1,1,0,1,1,0,1,1,1,0,0,0,1,0,0,2,1,1,0,0,0,0,0,1,0,1,1
0,0,1,0,1,0,1,2,0,0,2,0,0,1,0,1,0,0,0,0,0,0,0,0,1,1,0,1,1,1,0,1,0,2,0,1,1,1,0,0
0,0,0,0,0,0,0,2,0,1,1,0,1,0,1,1,0,0,0,0,0,0,0,0,2,0,1,1,0,0,0,0,0,0,0,0,2,1,0,0
0,0,1,0,1,2,2,1,2,2,2,0,1,0,0,1,0,1,0,0,0,0,0,0,0,1,1,0,1,0,1,1,1,0,1,1,1,2,0,1
1,0,1,2,0,1,1,2,0,0,2,0,0,0,0,1,1,1,0,1,1,1,0,0,0,1,0,0,1,2,2,1,0,1,0,1,1,0,0,0
2,0,1,1,0,0,0,1,1,1,1,0,1,2,0,0,2,1,0,0,0,1,0,0,0,0,1,0,0,0,0,0,2,0,1,0,1,0,0,0
1,1,0,1,0,1,0,1,0,0,1,1,1,0,0,0,2,0,0,2,0,0,0,0,0,0,2,0,0,0,2,2,0,0,0,0,1,0,0,0
1,1,1,2,0,0,0,0,0,0,0,0,0,1,0,2,0,2,0,0,1,1,0,0,0,1,1,1,0,0,2,0,1,1,0,1,1,1,0,0
1,1,1,2,1,1,0,1,0,0,0,0,2,2,0,1,1,1,0,1,1,1,0,0,0,1,0,0,1,1,0,0,1,0,0,0,1,0,0,1
0,0,1,0,0,0,1,1,0,0,0,0,2,1,0,0,0,0,1,1,0,0,2,2,2,0,0,0,1,1,2,1,0,0,0,1,1,0,0,1
0,1,0,1,0,1,0,0,0,0,1,0,0,2,0,1,0,1,0,2,0,0,0,0,0,1,0,1,1,2,0,1,0,0,0,0,0,1,0,1
0,1,0,1,0,0,2,1,0,0,0,0,1,2,0,1,1,1,0,0,1,1,0,0,2,0,1,0,1,1,1,1,0,2,0,0,0,0,0,1
1,2,0,1,0,0,1,0,0,0,2,1,2,0,1,1,1,2,1,1,0,0,0,0,0,2,1,0,1,0,0,1,1,0,1,1,2,0,1,0
0,1,0,1,0,0,0,1,0,0,2,1,1,2,0,1,1,2,0,0,1,1,0,0,0,2,0,0,1,1,1,1,1,1,0,1,0,0,0,1
1,2,1,1,1,2,1,2,1,2,0,1,1,0,0,1,2,2,0,1,0,0,0,0,0,0,2,0,1,1,1,0,1,1,0,1,0,0,1,0
1,0,0,1,0,2,1,1,0,1,2,0,0,0,0,0,2,0,1,0,1,1,0,0,0,2,2,0,0,2,0,1,1,1,0,1,0,0,1,0
0,2,0,1,0,0,1,0,0,0,1,0,0,1,1,1,1,1,0,0,0,0,0,0,2,0,1,0,0,1,1,0,0,0,0,2,2,0,0,1
0,1,0,2,0,1,1,2,1,0,1,0,2,1,0,0,1,1,0,2,1,1,0,0,1,0,0,1,1,1,1,2,1,0,0,1,1,0,0,1
0,0,1,2,0,1,0,1,0,0,1,1,0,1,0,1,1,1,0,1,1,1,0,0,0,0,2,0,1,1,0,1,0,1,1,0,2,0,0,1
2,0,1,1,0,0,0,1,1,2,1,1,1,2,0,1,1,1,0,0,1,1,0,0,0,0,0,1,0,0,1,2,1,2,0,1,0,0,0,1
0,1,0,0,1,0,0,0,0,1,0,2,0,1,0,0,0,1,0,0,1,1,0,0,0,0,2,1,0,0,1,1,0,1,0,1,0,0,0,1
0,0,0,2,0,0,1,1,0,0,1,1,1,1,0,2,1,1,0,0,0,0,0,0,0,0,0,0,0,1,2,0,0,1,2,1,0,2,0,1
1,0,0,2,0,1,1,2,1,1,0,1,1,0,0,0,1,0,1,0,1,1,2,2,0,0,1,1,0,0,1,1,0,1,0,1,2,1,0,1
0,1,2,0,0,0,1,1,0,1,2,1,1,1,0,1,1,1,0,0,0,0,0,0,1,2,1,1,1,1,1,1,1,2,1,0,2,0,0,0
0,1,1,0,1,0,0,0,0,0,1,2,0,1,0,1,0,0,0,1,0,0,0,1,2,0,0,0,0,0,0,1,0,1,0,0,0,1,0,1
0,0,0,0,0,0,0,1,0,0,1,2,1,0,0,0,1,1,0,2,1,1,0,0,0,0,0,0,2,0,1,0,0,1,0,1,1,0,0,1
1,1,1,2,0,1,1,1,0,0,1,0,0,2,0,1,0,0,0,1,0,0,0,0,0,1,0,0,0,1,2,1,0,0,1,1,2,0,0,0
1,1,0,1,0,1,1,1,0,1,0,0,1,1,0,2,0,2,0,1,1,2,0,0,0,2,2,1,1,0,0,1,0,1,0,2,1,0,0,1
0,0,1,1,0,0,1,1,0,2,0,1,1,2,1,1,0,1,1,0,0,0,1,1,0,0,1,2,0,0,0,1,0,1,0,2,1,1,0,0
1,0,0,2,0,0,1,0,0,1,2,0,2,0,0,1,0,1,0,1,0,0,0,0,0,1,0,0,0,0,0,0,0,0,1,0,1,0,0,0
1,1,0,1,0,0,0,0,0,0,1,1,1,2,0,1,0,1,0,0,0,0,0,0,0,2,1,0,0,1,2,1,0,0,0,0,1,0,0,1
0,2,0,0,1,1,0,1,1,0,0,0,1,0,0,1,1,2,0,2,0,1,0,0,0,1,0,1,1,1,2,0,0,0,1,1,1,1,0,0
1,1,0,0,0,0,1,0,0,0,1,1,0,0,0,1,0,1,0,1,0,0,0,0,0,1,0,0,0,1,2,0,0,1,0,1,1,0,1,1
0,0,0,1,1,0,0,2,1,0,0,0,1,1,0,0,2,2,0,1,1,2,0,1,0,0,1,2,0,1,1,1,0,2,0,0,2,0,0,0
0,1,1,1,1,0,1,1,0,0,1,1,0,1,0,2,0,2,1,0,0,0,0,0,0,0,0,0,0,1,1,2,1,1,0,0,1,2,0,1
1,0,1,1,0,0,0,1,0,0,1,0,0,0,0,2,1,1,0,2,0,1,0,0,0,2,1,1,0,1,2,0,0,0,1,0,1,0,0,1
1,0,1,0,1,0,1,0,0,0,2,0,0,1,1,0,2,1,0,0,0,0,0,0,0,1,0,1,1,1,1,1,0,1,0,1,1,0,0,1
1,1,1,1,0,0,0,2,0,0,1,0,0,2,0,0,1,0,0,0,0,0,0,0,0,0,0,0,0,1,0,0,0,0,1,1,0,0,0,1
1,1,0,1,0,0,0,2,0,1,2,1,1,1,1,1,1,0,0,1,1,2,1,1,0,2,1,0,0,1,0,2,0,0,0,1,1,1,0,1
1,1,0,1,0,0,0,2,0,1,1,2,2,2,0,0,1,1,0,1,1,1,0,0,1,0,1,2,0,1,0,2,1,0,0,1,1,0,0,1
1,0,0,0,0,2,0,2,1,2,1,0,2,1,0,1,1,0,0,0,0,0,0,0,0,1,1,1,0,0,1,1,0,1,0,2,0,0,0,0
1,1,0,0,0,0,0,1,1,1,0,0,1,0,1,1,0,2,0,1,0,0,0,0,2,0,0,0,0,0,0,0,0,2,0,0,1,0,0,1
0,2,0,1,0,0,0,0,0,0,0,0,0,1,0,1,1,0,0,1,0,0,0,0,2,1,0,0,0,1,1,0,0,2,0,1,0,0,0,1
2,1,1,0,0,1,0,1,1,0,0,1,1,1,0,1,0,1,0,2,0,0,0,0,0,0,1,0,0,0,1,0,2,1,0,0,1,0,0,0
0,1,0,1,0,1,0,2,0,0,0,1,0,1,0,1,1,0,0,1,1,1,0,0,0,0,0,0,0,2,1,2,0,0,0,1,1,0,0,0
0,0,0,2,0,1,0,2,0,0,1,1,1,1,0,0,1,2,0,1,0,0,0,0,0,1,1,1,1,1,2,1,2,0,0,1,1,1,0,1
1,1,0,2,0,1,2,0,0,0,1,0,0,1,0,2,1,1,0,1,0,0,0,0,0,1,1,1,2,0,1,0,0,1,0,0,1,0,0,0
0,0,1,2,0,0,1,2,0,2,1,1,1,1,0,1,0,1,0,1,0,0,1,0,0,1,0,1,0,1,2,1,1,1,0,1,1,0,0,1
0,0,0,0,1,0,0,1,0,2,1,0,1,1,1,2,0,0,1,0,1,1,0,0,0,2,1,0,0,1,2,0,0,1,0,0,2,0,1,1
2,1,1,1,0,0,1,1,0,1,1,1,0,1,0,1,1,1,0,1,1,1,0,0,1,1,1,0,0,2,0,2,0,0,0,0,2,1,1,1
0,0,0,0,1,1,0,1,0,1,1,0,1,1,0,1,1,1,1,2,0,1,0,0,0,1,0,0,0,0,0,0,2,2,0,1,1,0,0,0
0,2,0,0,0,0,1,1,0,0,1,0,0,0,0,2,1,1,0,2,0,0,0,0,0,0,1,1,2,0,2,1,0,0,0,0,0,0,0,1
0,0,0,0,0,1,0,1,0,1,1,1,1,1,0,0,0,1,0,0,0,1,0,0,2,1,2,0,1,2,1,0,1,1,0,1,0,0,1,1
0,1,1,0,0,1,2,1,0,0,0,1,0,1,0,1,1,0,0,0,0,0,0,0,0,0,0,0,0,1,1,0,0,0,0,0,1,0,0,1
0,1,1,0,1,0,1,0,0,0,2,0,0,2,0,2,1,2,0,1,0,1,0,0,2,1,1,0,0,1,2,1,0,0,2,1,0,1,0,0
2,1,2,2,0,0,0,2,0,0,2,1,1,1,2,1,1,1,0,1,0,1,0,0,0,0,2,0,0,1,2,0,0,0,0,1,1,0,1,0
1,1,1,1,0,0,1,1,0,0,0,2,1,1,1,1,2,1,0,1,1,1,0,0,1,1,0,0,1,1,0,0,0,1,0,1,2,0,1,1
0,0,0,1,0,1,1,0,0,2,1,0,0,2,0,2,0,0,1,0,0,0,0,0,0,0,2,0,0,0,1,1,0,0,0,1,0,0,1,1
0,0,1,1,1,1,0,2,0,1,1,2,0,0,0,0,1,0,0,1,0,0,0,0,0,1,1,0,0,0,1,1,0,1,0,2,0,0,0,0
0,0,1,1,1,1,2,0,0,0,0,1,1,2,0,0,0,1,0,0,0,0,0,0,0,0,1,0,1,0,1,0,1,1,1,0,0,0,0,1
0,1,0,2,1,0,1,1,1,2,1,0,1,1,0,0,0,1,0,0,0,0,0,0,0,1,2,0,0,0,1,0,0,1,1,1,0,0,0,0
0,1,0,1,0,1,1,1,0,0,1,2,1,1,0,1,1,0,0,1,0,0,0,0,0,2,0,1,0,2,0,1,0,2,0,1,1,0,0,1
1,1,0,1,1,0,1,1,0,0,0,0,0,1,0,0,0,1,0,0,0,0,0,0,1,0,1,0,0,0,1,2,1,1,0,0,1,0,1,0
0,0,0,1,0,0,0,1,0,0,2,0,0,1,0,0,2,0,0,2,0,0,0,0,0,0,2,2,0,1,2,0,0,1,0,0,1,0,0,1
0,1,0,1,1,0,0,1,0,0,2,1,0,2,0,1,2,1,0,0,0,0,0,0,2,1,0,0,1,1,2,2,0,0,0,1,1,1,1,0
0,1,0,2,0,1,1,0,2,0,1,1,0,1,0,1,2,2,0,2,0,0,1,1,0,1,2,0,0,0,2,0,0,1,0,0,1,1,0,1
0,0,0,2,0,1,1,2,0,1,1,0,2,2,0,1,2,2,0,0,0,1,0,0,0,0,0,0,0,0,1,0,0,0,0,0,1,1,0,0
0,1,1,1,1,0,1,0,0,0,0,0,1,0,0,2,1,1,0,1,0,0,0,0,0,1,0,0,1,0,0,1,0,0,0,0,0,0,0,1
1,0,0,1,0,1,0,1,0,2,1,0,0,0,0,0,1,2,0,1,0,0,0,0,0,1,1,1,1,0,1,0,0,0,0,0,1,0,0,1
1,1,1,0,0,1,0,1,0,0,0,0,1,1,1,1,0,2,0,1,1,1,0,0,0,1,1,1,0,1,0,1,1,1,0,0,1,0,0,1
0,1,1,1,0,0,2,1,1,1,0,0,1,2,0,0,1,0,0,1,0,0,2,2,0,1,1,1,0,1,2,2,0,1,0,0,0,1,1,0
2,0,0,1,1,1,0,1,0,0,1,0,2,2,0,2,2,1,0,0,0,0,0,0,0,0,2,0,0,1,1,1,0,2,0,0,1,0,1,1
0,0,1,2,0,0,0,0,0,1,1,1,1,0,0,1,1,1,0,1,0,0,0,1,0,1,0,0,0,1,1,1,1,1,0,0,2,0,1,1
1,2,0,2,0,0,1,1,1,0,1,0,0,0,0,1,0,1,0,0,0,0,0,0,2,0,0,1,0,1,2,1,0,1,0,0,1,0,0,0
0,2,0,1,1,1,1,0,0,0,1,2,1,1,0,1,1,0,0,1,0,0,0,0,0,0,1,1,0,1,2,1,0,0,0,1,2,0,1,1
1,1,0,1,1,1,0,2,0,0,0,1,0,0,0,1,1,0,0,1,0,0,0,0,1,1,0,0,0,2,1,0,1,2,0,0,2,0,1,1
1,0,0,0,1,0,1,1,0,1,1,1,1,2,0,2,1,0,0,0,1,1,0,0,2,0,1,0,0,0,1,1,1,0,0,1,0,0,0,0
0,0,0,0,2,0,2,0,1,0,2,1,1,2,0,0,1,0,0,1,0,1,0,0,0,0,1,0,0,0,0,0,1,1,0,1,1,0,0,0
0,0,0,0,1,0,0,0,0,1,1,1,1,2,2,0,0,0,0,0,0,0,0,0,0,1,0,0,0,0,2,1,0,1,0,1,0,1,0,0
0,0,0,1,0,0,0,2,0,2,1,1,1,0,0,0,0,0,0,1,0,0,0,0,0,0,0,2,1,1,0,1,0,0,1,1,2,0,0,0
1,0,0,2,0,1,1,0,0,0,0,0,0,0,0,1,2,0,0,0,0,0,0,0,0,1,0,1,0,2,0,1,1,1,0,1,0,0,1,0
0,0,0,1,2,0,1,1,0,2,2,0,0,1,0,2,2,2,0,0,0,0,1,1,0,1,1,1,0,1,2,1,0,1,0,0,2,1,0,1
0,0,1,1,1,1,1,1,0,1,1,1,1,1,1,0,1,0,1,2,0,0,0,0,0,1,0,1,0,1,1,0,0,0,0,1,0,0,0,1
1,1,0,1,0,0,1,1,0,1,0,1,0,1,0,1,1,1,0,0,0,0,0,0,0,1,2,1,0,0,1,0,0,1,0,1,0,0,0,0
1,1,1,1,0,1,1,1,0,1,1,0,0,1,0,0,0,1,0,2,0,0,0,0,0,1,1,0,0,2,0,0,1,2,0,1,1,0,0,0
0,1,0,1,1,0,1,2,0,2,1,0,1,2,0,2,1,1,0,1,2,2,0,0,0,1,1,2,1,1,0,1,0,2,0,1,0,1,0,0
2,1,1,0,0,0,0,1,0,0,1,1,0,1,0,1,0,0,0,1,1,1,0,0,0,0,0,1,0,1,1,1,0,0,0,1,1,0,0,0
1,1,0,1,0,1,1,2,0,1,0,0,2,1,0,2,0,0,1,1,0,0,0,0,2,1,0,0,0,0,0,1,0,1,0,0,2,1,1,0
1,1,1,0,0,0,0,0,0,1,1,0,1,1,0,0,2,0,1,0,0,0,0,0,0,0,1,0,1,1,0,0,1,0,0,0,1,0,0,1
2,2,0,1,1,0,2,1,0,1,0,1,1,2,0,1,1,1,0,2,0,0,0,0,0,0,1,0,0,2,2,1,0,1,0,1,1,0,1,1
1,2,1,2,1,0,1,2,0,0,2,1,0,2,0,1,1,1,0,2,1,1,0,0,0,0,2,1,1,0,2,0,0,1,0,1,1,1,1,0
0,1,0,0,0,0,1,0,1,1,0,0,1,1,0,1,1,0,0,0,0,0,0,0,0,1,0,1,1,1,2,0,0,0,0,0,0,0,0,1
1,0,0,0,0,0,0,0,0,0,1,1,1,2,0,2,0,0,0,0,1,1,0,0,0,2,1,0,2,2,2,1,0,0,0,0,1,0,0,0
1,1,0,1,1,0,1,1,0,0,1,1,1,0,0,1,1,2,0,0,1,1,0,0,0,1,0,0,1,0,1,0,0,2,0,1,2,0,2,1
0,2,0,0,0,0,1,1,0,1,1,1,1,1,0,2,1,0,0,1,0,0,0,0,0,1,0,1,1,0,0,1,1,2,0,1,1,0,0,0
0,1,1,0,1,1,0,1,0,0,0,1,1,0,0,1,1,1,0,1,0,0,0,0,0,2,1,0,1,1,0,0,1,0,0,0,0,0,0,1
0,1,1,2,0,1,1,1,0,2,2,0,1,1,0,0,1,2,0,0,0,0,0,0,0,1,1,0,0,0,2,2,0,0,0,1,2,0,1,0
1,1,2,1,1,0,2,1,0,1,1,2,1,1,0,0,1,0,0,1,0,0,0,0,0,1,0,1,1,1,0,1,0,2,0,0,1,0,0,1
1,1,0,1,0,0,0,2,0,2,1,0,2,0,0,1,1,0,0,2,1,1,0,0,0,1,0,0,0,0,1,0,0,0,0,1,1,1,0,0
2,0,0,1,0,1,1,1,0,0,2,0,1,0,1,1,1,2,0,0,0,0,0,0,0,0,1,2,1,0,2,0,1,0,0,1,1,0,0,1
0,1,0,1,1,0,0,1,1,1,0,0,2,0,0,1,1,1,0,2,0,0,0,0,1,1,1,1,0,0,1,0,0,0,0,1,0,0,0,1
2,1,0,0,0,1,0,0,0,1,1,1,0,2,0,1,0,1,1,2,2,2,2,2,0,0,1,1,0,1,1,0,1,0,0,0,1,0,0,0
0,1,0,2,2,0,0,2,0,0,2,0,1,1,0,2,0,1,0,1,0,0,0,0,0,0,0,0,0,0,1,2,0,0,0,0,2,0,0,0
1,1,0,1,0,0,1,1,0,1,1,0,0,1,0,1,0,1,0,1,1,1,0,0,0,0,0,1,2,1,1,0,0,1,2,1,2,0,0,1
2,2,2,1,0,0,0,2,1,1,1,1,2,1,0,0,1,0,0,1,0,0,0,0,0,0,0,0,2,1,0,2,0,0,2,1,0,0,0,1
1,1,0,1,1,0,2,1,1,1,1,0,2,2,0,2,1,1,0,1,0,0,0,0,1,1,2,0,1,1,2,1,0,2,1,1,1,0,1,1
0,0,2,0,0,2,2,0,0,1,0,0,0,0,0,2,1,2,0,1,0,0,0,0,0,1,0,2,0,0,1,2,0,1,0,0,1,0,0,1
0,0,0,1,0,0,0,0,1,1,0,0,1,0,0,2,0,0,0,0,0,0,0,2,0,1,0,0,0,0,1,1,0,1,0,0,0,0,0,0
0,0,0,2,0,0,1,1,1,0,0,1,1,1,0,1,0,1,1,1,0,0,0,0,0,0,0,0,1,2,1,0,0,1,0,1,1,0,1,1
1,0,0,2,2,1,0,2,0,0,0,1,1,2,0,1,1,1,0,0,0,0,0,0,0,0,2,1,0,1,1,0,0,0,0,0,2,0,0,0
1,1,1,2,1,1,1,2,1,1,0,1,1,1,0,1,0,2,0,0,0,0,0,0,2,0,0,0,1,1,0,1,0,2,0,1,1,0,0,1
0,2,0,0,1,1,1,1,0,0,0,2,0,1,0,0,0,1,0,0,1,1,0,0,0,2,1,0,0,1,1,1,0,0,0,1,1,0,0,1
1,0,2,1,0,0,0,2,0,0,2,1,0,0,2,2,0,1,0,1,0,0,1,1,0,0,0,1,0,1,1,2,0,2,0,0,0,0,0,1
0,0,1,1,2,1,2,1,0,2,1,1,1,2,1,1,1,0,0,2,0,0,0,0,0,1,0,0,2,1,0,0,0,1,0,1,0,0,0,1
0,1,0,1,0,1,0,1,0,0,0,0,1,1,0,0,0,0,0,2,0,0,0,0,0,0,0,0,1,0,1,2,1,0,0,1,0,0,0,0
1,0,0,1,0,1,2,1,0,1,1,2,1,1,0,1,0,1,0,0,1,1,0,0,1,0,1,0,1,0,0,0,1,0,1,1,1,0,0,0
1,1,0,1,0,0,2,1,1,1,1,2,2,1,1,0,2,0,0,2,0,0,0,0,0,1,0,0,0,1,2,1,0,1,0,1,1,0,0,1
1,1,0,2,0,0,0,1,0,2,1,0,2,1,2,0,0,1,1,1,0,0,0,0,0,0,1,0,2,1,1,1,0,1,1,1,2,0,2,1
0,0,0,2,1,0,2,0,0,1,1,1,1,2,1,2,2,0,0,0,1,1,0,0,0,1,2,0,0,0,2,1,1,1,1,0,1,0,0,0
0,0,0,1,0,0,2,1,0,0,0,1,1,1,0,0,1,0,1,1,1,1,0,0,0,0,1,1,0,0,1,0,0,0,0,2,1,0,0,1
1,0,0,1,0,0,1,1,0,0,0,0,2,1,0,1,1,1,0,0,0,0,0,0,0,2,1,1,0,0,1,1,1,1,0,1,0,0,1,1
0,2,0,1,1,0,2,1,1,0,2,1,0,2,0,1,0,0,0,1,0,0,0,0,0,0,1,0,1,1,1,0,0,1,0,1,2,0,0,1
1,2,0,1,0,0,1,1,0,1,2,0,1,1,0,0,1,0,1,1,0,1,0,0,0,1,0,0,1,1,0,0,1,2,0,0,0,0,0,0
2,1,0,2,1,0,0,0,0,0,1,0,1,2,1,1,0,0,0,1,0,1,0,0,2,1,1,1,1,1,0,1,0,1,0,1,0,1,1,0
0,1,1,2,0,0,1,1,0,1,1,1,0,0,1,0,1,2,0,1,1,1,0,0,1,2,1,1,0,0,1,0,0,1,1,1,1,0,0,0
1,1,2,2,0,0,0,1,0,0,0,1,1,1,0,1,1,1,1,0,1,1,0,0,0,0,1,1,0,1,1,2,1,0,0,1,0,0,0,1
0,2,0,2,1,0,0,2,0,0,1,0,1,1,1,0,1,0,0,0,0,0,0,0,0,0,0,0,1,0,0,0,0,1,0,1,1,1,1,1
1,0,0,0,1,1,1,0,0,0,1,0,1,2,1,0,1,2,0,0,0,1,0,0,0,2,1,0,0,2,1,1,0,1,0,1,1,0,0,0
1,0,1,1,0,1,0,0,0,1,1,0,1,0,0,1,1,1,1,1,0,0,0,0,0,1,0,1,0,1,1,1,1,1,0,1,1,1,0,0
1,2,0,0,1,2,1,2,0,0,1,0,1,1,0,1,0,1,0,1,1,1,0,0,1,1,0,0,1,1,1,0,0,2,0,1,1,0,0,0
0,2,1,1,0,0,0,1,0,0,1,0,0,1,0,2,0,1,0,1,0,0,0,0,0,2,0,0,1,2,1,2,1,1,1,2,0,1,0,1
0,1,0,1,0,1,0,1,0,1,0,0,1,1,0,1,1,0,1,0,1,1,0,0,0,1,0,0,1,1,0,1,2,0,0,0,1,0,1,1
1,1,1,1,0,0,2,2,1,1,1,1,1,1,0,1,0,1,1,0,0,0,0,0,0,1,1,0,0,0,1,0,0,1,0,0,0,0,0,0
1,1,0,1,0,0,1,1,0,1,2,1,0,1,1,0,1,0,1,0,0,0,0,0,0,1,1,1,1,2,1,0,0,0,0,2,2,0,1,1
0,1,0,0,0,0,2,0,0,0,1,0,1,2,1,2,0,1,1,1,0,1,0,0,0,1,1,1,1,1,2,0,0,1,0,0,0,0,0,0
0,1,1,0,0,1,2,0,1,0,2,1,1,1,0,0,1,1,0,0,1,1,0,0,0,1,0,1,1,0,1,1,0,2,1,0,2,0,0,1
1,1,0,1,0,0,1,1,0,0,1,2,2,1,0,0,1,2,0,1,1,1,0,0,0,1,1,0,1,2,1,0,0,1,0,0,0,1,0,1
0,1,0,1,0,1,0,2,0,0,0,1,1,0,0,0,2,2,0,0,1,1,0,0,0,1,1,0,0,0,1,0,0,1,0,0,0,0,1,0
1,1,1,2,0,0,0,1,0,0,0,1,1,0,0,0,2,2,0,0,0,0,0,0,2,2,0,0,1,1,1,1,1,0,0,2,1,1,0,1
0,1,0,1,0,0,0,0,0,1,1,2,0,1,0,1,0,0,0,1,1,1,0,0,0,1,2,0,0,2,1,1,0,2,1,0,2,1,1,1
1,2,0,2,0,1,0,0,0,1,1,0,0,1,0,2,0,1,0,1,2,2,0,0,0,0,0,0,0,1,1,0,1,0,1,1,1,1,0,0
0,0,1,1,0,0,2,1,0,1,2,0,1,0,1,0,0,0,1,1,1,1,0,0,0,1,1,1,0,0,0,1,0,1,1,2,0,0,1,1
0,1,0,2,0,1,1,1,0,0,1,0,1,1,0,1,1,0,0,1,1,1,0,0,2,0,1,0,0,1,1,0,0,1,0,0,2,0,0,0
1,0,0,1,1,0,0,2,0,0,1,1,1,0,2,2,1,2,1,0,0,1,0,0,0,1,0,1,0,0,1,1,0,2,0,0,2,0,1,1
0,2,0,1,1,0,1,1,0,0,0,1,1,0,0,2,1,1,0,1,2,2,0,0,0,1,0,1,0,2,1,1,0,1,0,0,0,1,2,1
0,2,0,2,1,1,1,1,0,0,1,0,1,0,0,0,0,0,0,2,0,0,0,0,0,1,1,0,1,1,2,0,0,0,0,1,0,0,0,1
1,0,0,1,1,0,2,0,0,0,0,1,1,0,0,1,2,1,0,0,0,0,0,0,0,1,0,0,1,0,0,0,0,0,1,1,0,0,0,0
1,1,1,0,0,0,0,1,0,1,2,0,0,0,1,2,0,0,0,1,1,0,0,0,2,2,0,0,0,1,0,0,0,2,0,1,0,0,0,1
0,1,1,0,0,2,1,2,0,0,0,1,1,1,0,0,1,1,0,0,0,0,0,0,0,1,2,0,0,0,0,0,0,0,0,2,1,0,0,1
1,1,0,1,1,0,1,1,0,0,0,1,1,1,0,2,0,1,0,0,0,0,0,0,2,0,0,1,1,0,1,0,0,1,0,0,2,0,0,1
1,1,0,0,0,0,2,0,1,1,0,0,0,1,0,1,0,2,0,0,1,1,0,0,0,0,1,1,0,2,1,1,1,0,0,0,1,0,1,0
0,2,0,0,0,0,0,0,0,1,1,1,1,0,1,2,0,1,0,1,1,1,0,0,0,2,0,0,0,0,1,0,1,1,0,1,0,0,0,0
1,1,1,1,0,1,1,1,0,0,0,0,0,0,0,1,0,0,1,1,0,0,0,0,0,0,1,0,0,0,1,0,0,1,0,0,1,1,0,0
1,0,1,2,1,0,2,1,0,1,1,2,0,0,0,2,1,1,0,1,0,0,0,0,0,0,2,0,0,1,2,0,0,0,0,0,0,0,0,0
1,2,1,1,1,0,1,0,0,0,1,2,0,2,1,1,0,0,0,0,1,1,0,0,0,0,0,0,0,1,2,1,1,1,0,2,1,2,0,1
1,0,1,0,0,1,0,0,0,1,1,0,2,1,0,1,0,0,0,1,0,0,0,0,0,1,1,0,0,1,2,2,0,0,1,0,1,1,0,1
1,0,1,0,0,0,0,0,0,1,2,0,0,0,0,1,1,0,0,0,1,1,0,0,0,0,0,0,1,1,0,1,0,0,0,2,1,0,0,0
1,1,0,2,1,1,1,1,0,1,0,1,2,0,0,1,2,0,0,1,0,0,0,0,0,0,2,1,0,0,1,0,0,1,0,1,2,0,0,0
1,1,0,1,1,0,1,1,0,1,2,1,0,2,0,1,1,2,0,0,0,0,0,0,0,0,1,1,0,1,1,1,0,1,0,0,2,1,0,0
0,0,0,0,0,0,1,0,1,1,1,2,1,1,0,1,0,2,1,0,1,1,0,0,0,1,1,0,0,1,0,1,0,0,0,0,1,0,0,0
0,1,1,1,0,0,2,0,0,0,1,0,0,2,0,1,1,1,0,0,1,1,0,0,0,1,1,0,1,1,1,0,0,0,1,1,1,1,1,1
2,0,1,0,1,1,2,2,1,0,0,1,2,1,1,1,1,1,1,1,0,0,0,0,0,0,0,1,0,1,1,0,1,1,0,1,1,2,0,1
1,0,0,1,0,0,0,1,0,1,1,0,0,0,0,1,1,0,0,0,0,0,1,1,1,1,1,0,0,0,0,0,0,2,0,1,1,0,1,1
1,1,0,0,0,0,0,1,0,0,1,2,0,2,0,1,0,1,0,1,0,0,0,0,0,0,0,0,0,1,2,0,0,0,0,0,1,0,0,0
0,1,0,0,0,1,2,2,0,0,1,0,0,0,0,2,0,0,0,1,1,1,0,0,0,0,0,0,1,0,0,1,1,1,1,2,0,0,0,1
1,1,0,1,0,1,1,1,0,0,0,1,0,0,0,2,2,1,1,0,0,0,0,0,0,1,0,0,0,0,1,2,1,0,0,1,0,1,1,1
2,2,0,1,0,0,1,0,0,1,0,1,0,1,0,2,0,1,0,0,0,0,0,0,0,2,0,1,1,0,0,0,0,0,0,1,2,0,1,1
0,1,0,2,0,0,2,1,0,0,0,0,2,1,1,0,1,0,0,1,1,1,0,0,0,2,1,0,0,1,1,1,1,1,0,1,0,0,0,0
1,1,0,0,0,1,1,2,0,2,1,1,2,2,0,1,0,0,1,1,0,1,1,1,2,0,1,0,1,0,0,2,0,1,0,1,1,0,0,1
0,2,0,1,0,1,0,0,0,0,1,0,1,1,0,1,1,1,0,0,2,2,0,0,0,0,0,1,0,0,1,1,0,0,0,0,1,0,0,1
0,0,0,0,0,0,1,0,0,1,1,0,0,0,0,0,0,1,0,0,0,2,0,0,0,1,0,0,1,2,0,1,0,0,0,1,1,0,1,1
0,1,1,1,0,1,1,1,0,1,2,1,1,2,0,1,1,1,0,1,0,0,0,0,1,0,1,0,0,1,2,0,0,0,0,0,1,0,1,1
1,1,2,1,1,0,0,1,0,1,2,0,1,0,0,1,1,1,0,1,0,0,0,0,0,0,1,0,0,1,0,1,0,1,0,0,1,0,1,0
0,0,1,1,1,1,1,1,0,1,0,1,1,2,0,2,1,2,0,0,0,1,0,0,0,1,0,0,1,0,0,0,0,2,0,1,0,0,1,1
0,1,2,2,0,0,0,0,0,1,2,1,2,0,0,0,1,2,0,1,0,0,0,0,0,0,0,1,1,0,1,2,0,0,1,0,0,0,0,1
1,0,1,1,0,2,2,1,0,1,1,0,0,1,0,0,1,1,0,0,0,0,0,0,0,2,0,1,0,0,2,1,1,0,0,1,2,0,0,1
1,0,0,2,0,1,1,1,0,0,1,1,0,1,0,0,0,0,0,2,0,0,0,0,2,2,1,0,0,2,0,0,0,2,0,0,0,0,0,0
0,0,1,1,0,0,0,1,0,1,1,0,1,1,2,1,1,0,0,0,0,0,0,0,0,1,2,0,1,1,2,0,0,1,0,1,1,0,0,0
1,1,1,0,0,0,0,1,0,1,0,1,1,1,0,0,1,1,0,2,0,0,0,0,1,0,1,1,0,1,0,0,0,1,1,1,1,1,0,1
2,2,1,1,1,0,1,0,0,0,1,0,0,1,0,0,1,1,0,1,0,0,0,0,0,1,2,1,0,0,1,1,0,1,0,1,1,0,0,0
1,0,0,0,0,0,1,0,0,2,1,0,0,2,0,1,1,1,0,0,0,0,0,0,0,0,0,0,1,1,0,0,1,0,0,0,0,0,0,0
1,1,0,0,0,0,2,0,0,1,0,1,0,2,0,0,1,0,0,0,0,0,0,0,0,1,0,1,0,1,0,1,0,2,0,1,2,0,0,0
0,0,0,1,1,1,0,2,0,1,2,1,2,0,0,0,1,0,1,0,1,1,1,1,0,1,0,0,0,0,0,1,0,1,0,2,0,0,2,1
1,0,1,2,0,0,1,2,0,0,2,0,1,1,0,1,0,1,0,0,1,1,0,0,0,0,0,0,1,1,2,2,0,0,1,1,1,0,0,1
1,0,0,0,0,0,0,1,0,1,2,1,1,1,1,1,0,1,1,0,0,0,0,0,0,1,0,0,0,1,1,0,0,1,0,1,2,0,0,1
0,1,1,1,1,1,0,0,0,1,2,0,0,1,1,0,0,0,0,1,0,0,0,0,0,1,1,1,1,0,1,0,0,1,0,0,1,0,0,1
0,0,0,0,2,1,0,1,0,0,2,0,0,1,0,1,1,0,0,1,0,0,0,0,0,0,0,1,0,0,1,1,1,0,0,1,1,0,0,0
1,0,0,1,0,1,1,1,0,0,2,0,2,0,1,1,0,2,1,1,1,1,0,0,0,1,1,1,0,1,1,1,0,0,0,0,1,0,2,1
0,0,1,1,0,0,0,1,0,0,2,1,1,1,0,2,1,1,0,1,0,0,0,0,0,1,1,2,1,2,1,1,1,1,0,2,1,1,0,1
1,1,1,0,0,0,0,0,0,0,1,0,1,1,0,1,1,0,1,1,0,0,0,0,0,1,0,1,0,0,2,1,0,2,0,0,1,0,0,1
0,1,0,2,0,0,0,0,0,1,1,1,1,1,0,1,1,1,1,2,2,2,0,0,1,0,1,0,0,0,1,0,0,1,0,0,0,0,1,1
0,0,1,1,1,1,0,1,0,1,1,2,0,1,0,2,1,2,0,2,0,0,0,0,0,1,2,0,0,0,1,1,0,1,0,1,1,0,0,1
1,0,0,1,0,0,2,1,0,0,2,0,0,2,0,0,1,0,0,1,1,2,0,0,0,0,1,0,1,1,0,1,0,1,0,0,1,1,0,1
1,1,0,1,2,0,0,0,0,0,2,0,2,1,0,1,0,0,0,1,0,0,0,0,0,0,1,0,1,1,2,0,1,1,1,0,0,0,1,0
0,1,0,1,0,0,1,1,1,0,2,0,1,2,1,1,1,1,0,0,0,0,2,2,2,0,1,0,0,1,0,0,0,1,2,1,0,0,2,1
1,1,1,1,1,1,0,2,0,0,2,0,0,1,0,1,1,0,0,0,1,1,0,0,0,1,1,0,0,0,2,1,2,0,1,2,0,1,0,1
0,0,0,1,0,0,2,2,0,1,0,1,1,1,0,0,1,0,0,2,0,0,0,0,0,1,0,1,0,1,1,1,0,0,1,1,1,1,0,0
0,0,0,0,0,0,0,1,0,1,2,1,1,2,0,1,1,1,0,2,0,0,0,1,0,0,0,1,0,2,0,0,1,2,1,0,2,0,0,0
1,1,1,0,0,1,1,0,0,0,1,0,1,0,0,1,0,0,0,1,0,0,0,0,0,1,2,0,1,1,0,0,1,1,1,0,1,1,0,1
1,1,0,1,0,1,0,2,0,0,0,0,0,1,0,1,0,0,0,2,0,0,0,0,0,0,0,0,2,0,1,1,0,1,0,0,1,2,0,0
0,2,0,1,1,0,0,0,0,1,1,0,0,2,0,1,1,1,0,1,0,0,0,0,0,1,1,1,1,2,1,0,0,1,0,1,2,0,1,1
0,0,0,0,0,0,1,0,0,1,1,1,1,0,0,0,0,1,0,0,0,0,0,0,0,0,0,1,0,0,1,1,0,2,0,2,1,0,1,1
1,0,0,0,0,0,2,1,0,1,2,1,1,2,0,1,2,2,0,0,1,1,0,0,0,1,0,0,1,0,1,0,0,0,0,1,1,0,0,1
0,1,1,1,0,2,1,2,0,1,1,0,0,1,0,0,1,1,0,0,1,1,0,0,0,0,1,0,0,0,2,2,0,1,0,0,0,0,0,1
1,0,0,2,0,1,2,0,0,1,0,0,0,0,0,0,1,2,0,1,1,1,2,2,0,1,1,0,0,1,2,1,1,1,1,0,0,0,0,0
1,1,2,2,0,0,0,1,0,2,1,1,1,1,0,0,0,1,0,1,1,1,0,0,2,0,0,0,0,2,2,0,0,1,0,0,0,1,0,1
0,1,0,1,1,1,0,1,0,0,0,0,0,1,0,0,0,1,0,0,0,0,0,0,0,1,0,0,1,0,1,1,0,2,0,0,0,1,1,1
2,0,0,1,0,1,1,1,0,0,1,0,1,2,0,1,0,1,0,0,1,1,0,0,0,0,1,0,0,0,1,2,2,1,0,0,1,0,1,1
1,1,0,0,1,0,0,0,0,0,1,1,2,1,0,0,0,0,0,2,0,0,0,0,2,2,1,0,0,0,0,0,1,1,0,2,1,0,0,0
0,2,0,1,0,1,0,1,1,1,0,0,0,0,0,1,0,0,0,0,0,0,0,0,0,1,1,0,0,0,1,2,0,2,0,0,2,0,0,0
2,1,1,0,1,0,1,1,0,2,1,1,0,1,0,0,1,0,0,1,1,1,0,1,1,1,1,1,1,1,2,1,1,0,0,1,1,0,0,0
1,1,0,1,1,0,0,2,0,0,1,1,1,1,1,1,0,1,1,0,0,1,0,0,1,1,0,0,0,0,1,1,1,1,0,0,2,2,0,1
0,0,1,1,2,1,2,1,0,0,0,1,1,1,0,0,1,1,0,1,0,0,0,0,0,1,1,0,0,0,0,2,0,2,0,1,0,0,0,0
0,1,1,0,0,2,0,0,0,1,1,1,1,1,0,1,0,1,1,1,2,2,0,0,0,0,1,1,0,0,0,0,0,1,0,1,1,0,0,1
0,1,1,1,0,1,1,0,0,0,0,1,0,1,0,0,1,1,1,0,0,0,0,0,0,0,1,1,1,0,2,1,1,0,0,1,1,0,0,1
0,2,1,2,0,0,1,0,0,1,0,1,1,0,0,0,1,2,0,0,1,1,0,0,0,2,1,0,1,0,1,2,1,0,0,1,1,0,0,0
1,0,0,1,0,1,0,2,0,1,2,2,1,1,1,1,0,1,0,0,1,1,0,0,0,1,0,1,1,1,1,0,0,1,1,1,2,0,1,1
0,1,0,0,1,0,2,1,0,0,1,1,1,2,0,1,0,0,0,2,0,0,0,0,1,1,2,1,1,0,1,0,1,1,1,0,2,0,1,0
0,0,0,1,0,1,0,1,0,0,2,1,1,2,0,0,0,0,0,2,1,1,0,0,0,0,0,0,1,2,1,0,0,1,0,0,1,1,0,1
0,0,0,0,0,0,1,1,0,1,0,0,1,0,0,0,1,0,0,0,1,1,0,2,2,0,1,2,0,0,1,0,0,1,0,0,1,0,0,0
0,0,1,1,0,0,2,1,0,2,0,1,1,2,0,1,0,0,0,0,0,0,0,0,0,1,0,0,1,1,0,1,0,0,1,0,2,0,1,1
1,1,1,0,0,2,0,1,0,0,1,1,0,1,0,1,0,2,0,0,1,1,0,0,0,0,0,1,0,0,1,1,0,0,1,1,1,0,0,1
1,1,1,1,0,0,0,2,0,1,1,1,0,1,0,2,1,1,0,1,0,0,0,0,0,1,0,0,1,2,2,0,1,1,0,1,1,1,0,1
0,0,1,1,0,1,1,2,0,1,0,1,0,1,2,2,1,0,0,0,0,0,0,0,0,1,0,1,0,0,1,1,1,1,1,0,0,0,0,1
0,1,0,1,0,0,1,1,0,0,2,1,1,0,1,2,1,0,0,2,1,1,0,0,0,1,0,0,0,0,1,2,0,1,0,0,1,0,1,0
1,1,0,2,0,0,0,1,0,0,0,0,0,1,0,2,1,1,0,0,0,0,0,0,0,1,1,0,0,1,1,0,2,0,0,0,2,0,2,0
1,1,0,2,1,0,0,2,0,1,0,0,1,1,0,2,0,0,0,0,1,1,0,0,0,1,2,0,1,0,0,0,0,1,0,0,0,0,0,1
0,2,1,1,1,0,1,1,0,0,2,2,1,0,0,1,2,0,0,0,0,0,0,0,0,1,2,0,0,2,1,0,0,1,0,0,2,0,0,1
1,1,0,0,0,0,0,1,0,1,1,0,2,1,0,1,0,0,0,1,1,0,0,0,1,0,0,1,0,0,1,1,0,1,0,0,1,1,0,0
0,0,0,0,0,0,1,1,0,1,2,0,1,1,0,0,0,1,0,1,0,0,0,0,0,0,0,0,0,1,1,0,2,1,0,1,1,0,0,0
1,0,1,1,0,0,0,1,0,0,1,1,1,1,1,1,0,1,0,2,0,0,0,0,0,0,1,1,1,1,1,2,0,1,0,1,0,0,0,1
0,0,0,1,2,0,0,0,0,0,1,0,1,1,2,0,0,1,1,0,0,0,0,0,0,0,0,0,0,1,1,0,0,0,0,2,1,0,0,0
1,1,1,1,0,1,0,2,0,0,1,2,0,2,0,1,1,1,0,0,1,1,0,0,1,0,1,1,1,0,1,0,0,0,0,1,0,0,1,1
1,0,0,2,0,1,2,0,0,0,1,0,1,1,0,0,0,1,0,0,0,0,0,0,0,0,0,0,0,2,1,1,0,0,0,0,0,0,0,0
0,0,1,0,0,1,1,1,0,0,1,1,1,0,0,0,1,0,0,2,0,0,0,0,0,0,2,0,1,0,0,2,0,0,0,1,0,0,1,0
1,0,1,1,0,1,0,2,0,0,0,0,2,0,0,1,0,1,1,0,1,1,0,0,1,1,0,0,0,0,1,1,0,2,0,0,1,0,0,0
1,1,1,0,0,0,0,1,0,2,1,0,0,1,0,1,1,1,0,0,1,1,0,0,1,1,2,1,0,2,1,1,1,0,0,1,2,1,1,0
2,1,1,0,2,1,1,2,1,0,0,0,2,2,0,0,0,1,0,0,0,0,0,0,0,2,0,1,0,0,0,1,1,1,0,2,0,0,0,1
2,1,0,2,0,0,1,0,1,1,0,1,0,2,0,1,0,2,0,0,0,0,0,0,0,0,0,0,1,0,1,1,0,1,0,0,1,1,0,0
1,2,1,2,0,1,2,1,0,0,1,0,0,1,0,1,1,1,0,1,1,1,0,0,0,0,0,0,1,0,1,0,0,0,0,0,2,0,1,1
0,1,0,0,1,0,1,1,0,1,1,1,2,1,0,2,1,0,0,0,0,0,0,0,2,1,0,1,2,0,1,2,0,0,0,1,0,1,0,0
1,2,0,0,1,1,1,2,0,1,1,0,1,2,0,1,0,2,0,0,0,0,0,0,0,1,1,0,0,0,1,0,0,0,0,0,1,0,1,1
2,2,0,1,0,0,1,0,0,0,1,0,0,0,0,2,0,0,0,0,0,0,0,0,0,1,1,1,0,1,0,1,0,0,1,0,2,0,0,1
1,1,0,1,0,0,1,1,1,0,1,0,1,0,0,1,0,0,0,0,0,0,1,1,0,1,1,0,1,0,1,0,0,1,0,0,1,0,1,0
1,0,0,1,0,1,2,1,0,0,1,1,0,0,0,1,1,1,0,1,0,0,0,0,1,2,0,2,0,1,1,2,1,1,0,1,1,1,0,1
1,1,0,1,0,0,1,2,0,2,1,2,2,2,0,1,1,0,0,1,0,0,0,0,0,1,0,2,1,1,1,0,0,0,1,1,2,0,1,0
0,0,0,2,1,0,1,1,0,0,1,2,0,1,0,1,0,1,0,1,1,1,0,0,2,0,0,0,0,1,0,0,0,0,1,0,0,0,0,0
0,2,1,2,0,1,0,1,0,1,2,1,1,0,1,0,0,1,0,1,0,0,0,0,1,1,0,0,1,0,2,1,0,1,0,1,1,0,0,0
1,0,1,1,0,0,0,0,0,0,1,1,1,1,0,0,1,2,0,0,1,1,0,0,0,1,1,1,0,2,1,0,2,1,0,1,0,0,0,0
1,1,0,1,0,0,2,0,0,0,0,0,2,0,1,1,1,0,0,1,0,0,0,0,1,0,0,1,0,0,1,0,0,0,0,1,1,0,1,0
0,0,1,2,0,0,1,1,0,0,1,1,2,0,0,0,1,1,0,2,0,1,0,0,1,0,1,0,0,1,1,1,1,1,1,1,1,0,0,1
0,1,1,0,1,0,1,0,0,1,1,1,0,1,0,1,1,1,0,1,0,0,0,0,0,0,1,0,1,1,2,0,1,0,0,0,2,0,0,0
1,0,0,1,1,1,2,1,1,1,0,0,1,0,1,1,0,0,0,2,1,1,0,0,1,1,0,0,1,1,2,0,1,2,1,1,0,0,1,1
0,0,0,1,0,0,1,0,0,0,1,0,1,1,0,1,0,0,0,1,0,0,0,0,0,1,1,0,0,0,0,0,1,0,0,0,1,0,0,1
1,0,0,2,1,1,0,0,0,1,2,1,2,2,0,0,0,1,0,2,0,0,0,0,0,1,2,0,0,0,0,1,0,2,0,1,0,0,0,1
2,1,1,0,2,0,1,1,0,1,0,0,1,2,0,0,2,1,0,1,0,0,0,0,0,1,1,1,0,0,1,1,0,0,1,2,0,0,1,1
1,2,0,1,1,0,0,0,1,1,0,1,0,2,0,1,1,1,0,2,0,0,0,0,0,0,1,0,1,0,2,0,1,0,0,0,2,1,0,0
1,0,0,1,0,0,0,1,0,0,0,1,1,1,1,0,1,0,0,1,0,0,0,0,0,1,0,1,0,1,0,0,1,1,0,1,1,0,0,0
0,0,0,1,0,1,1,0,0,0,1,0,1,0,1,1,0,0,0,0,0,0,0,0,0,0,2,0,1,1,0,1,0,1,0,0,1,0,0,1
1,1,0,1,0,1,0,1,0,0,2,2,1,1,0,1,0,0,0,0,0,0,0,0,0,1,1,0,1,0,1,0,0,2,0,0,1,0,0,1
0,2,1,1,0,2,0,2,0,1,1,2,0,2,1,2,1,0,0,2,0,1,0,0,0,0,2,0,0,0,0,1,1,1,0,0,1,1,1,1
0,0,0,2,1,1,1,2,0,1,1,1,0,2,0,2,1,0,0,0,0,0,0,0,1,0,0,0,1,1,1,1,1,2,0,0,1,0,1,1
0,1,1,0,0,0,1,2,0,2,2,1,1,1,0,1,0,1,0,2,0,1,0,0,0,0,0,1,0,1,0,0,1,1,0,0,0,0,0,1
0,0,0,1,1,0,1,1,0,0,1,1,1,0,0,1,2,1,0,1,0,0,2,2,0,1,1,0,0,0,2,2,0,1,0,0,1,0,0,0
0,2,0,1,1,0,0,1,0,0,1,1,0,1,0,0,2,0,0,2,0,0,0,0,0,0,0,0,0,1,1,0,1,0,0,0,2,1,0,0
1,0,0,1,0,0,0,0,0,1,2,2,1,0,0,1,0,2,0,1,1,1,0,0,1,2,1,1,0,0,1,1,0,1,0,1,2,0,1,0
1,0,0,1,0,0,2,1,0,0,1,0,1,1,0,1,2,2,0,1,1,1,0,0,0,1,1,0,2,1,1,1,0,1,0,1,2,0,0,1
1,0,1,1,0,1,1,0,0,1,2,1,1,0,0,1,1,1,0,0,1,1,0,0,0,1,2,0,0,0,1,0,0,1,0,0,0,0,1,0
1,0,1,1,0,0,0,1,0,0,2,0,1,1,2,0,2,1,0,1,0,0,2,2,0,2,1,0,1,1,2,2,0,1,0,1,1,0,0,1
1,1,1,1,0,1,0,1,0,1,1,1,2,1,0,0,1,2,0,1,0,0,0,0,0,0,1,1,0,2,2,1,1,1,0,0,0,0,0,0
1,2,1,1,0,0,1,2,1,2,1,0,2,1,0,1,1,0,0,0,0,0,0,0,0,0,0,1,1,0,0,0,1,1,1,0,1,1,0,1
1,1,1,1,0,1,1,1,0,1,0,1,0,2,1,0,1,1,1,0,0,0,0,0,0,1,0,0,1,0,2,0,1,2,0,0,1,0,1,1
1,1,0,1,0,0,1,2,0,1,1,0,1,1,0,0,1,0,0,1,0,0,0,0,2,1,1,1,2,1,1,1,0,1,0,0,0,1,1,1
1,1,0,1,0,0,1,1,0,1,1,0,0,0,0,2,1,0,0,2,0,0,0,0,0,2,2,1,0,1,2,0,0,2,2,0,1,0,0,1
1,1,0,0,1,0,0,0,0,0,1,1,1,1,1,2,2,0,0,0,0,0,0,0,0,1,0,0,0,0,1,0,1,0,0,1,1,0,0,1
0,1,0,1,0,0,1,1,0,1,1,0,0,2,0,0,1,2,0,0,1,1,0,0,2,1,1,0,1,1,1,1,0,1,0,1,0,0,2,0
0,0,0,1,0,1,1,2,0,0,1,1,0,1,0,1,0,1,1,0,0,0,0,0,0,2,0,1,1,1,1,0,1,0,0,0,2,0,1,0
0,0,0,0,0,0,0,1,0,0,1,1,2,1,0,1,0,0,0,1,0,0,0,0,0,0,0,1,0,0,2,0,1,0,0,0,1,0,1,0
0,1,0,1,0,1,0,1,1,0,0,0,0,1,0,1,1,0,0,1,0,0,0,0,0,1,1,0,0,0,2,0,1,2,0,0,2,1,2,0
0,1,1,1,0,0,1,0,0,0,1,1,1,1,0,0,1,0,0,0,1,1,0,0,0,1,0,1,1,1,0,1,1,1,0,2,1,0,2,1
1,0,0,0,0,0,0,2,0,1,0,1,0,1,0,0,2,0,0,2,0,0,0,0,0,1,0,0,0,1,1,1,0,1,0,1,2,0,0,1
1,1,0,1,0,0,0,0,0,2,1,0,2,1,0,0,1,2,0,1,0,0,0,0,0,1,0,0,0,1,1,0,0,0,0,0,0,0,0,1
1,1,1,0,0,0,2,2,0,0,0,0,2,2,0,2,0,2,0,0,0,0,0,0,0,0,1,1,1,0,1,2,0,1,0,0,2,1,0,1
0,1,2,2,1,1,0,0,1,1,2,0,1,2,1,0,1,0,1,1,0,0,0,0,0,1,0,0,0,1,0,1,0,0,1,1,1,1,0,1
0,0,1,2,0,1,0,0,1,1,2,1,0,0,0,2,0,1,0,0,0,0,0,0,0,1,1,0,0,0,0,1,1,0,0,0,2,0,1,0
0,2,1,2,1,0,0,2,0,1,0,1,0,2,0,2,1,1,0,1,0,1,0,0,0,2,1,0,0,1,0,0,0,0,1,1,2,1,0,0
1,0,0,1,1,0,1,2,0,1,1,2,0,2,0,1,2,0,1,0,0,0,0,0,0,0,0,0,0,0,0,0,0,1,0,1,2,0,0,0
2,2,1,1,0,0,0,2,1,1,2,0,1,2,0,1,2,1,0,0,1,0,0,0,0,0,1,2,0,1,0,0,0,0,1,2,1,0,0,0
2,1,0,0,0,0,1,1,0,0,0,1,1,1,0,0,0,1,0,1,0,0,1,1,1,1,1,1,0,0,1,0,1,1,0,0,1,0,0,1
0,0,1,1,1,0,1,1,1,1,1,0,0,0,1,0,2,0,0,0,0,1,0,0,0,0,1,0,0,0,1,0,0,0,0,1,1,0,0,1
0,0,1,1,0,0,0,2,0,1,1,1,0,0,1,0,1,1,0,0,0,0,0,0,0,0,1,0,0,0,2,0,0,0,1,1,1,1,1,1
0,1,0,1,0,0,1,2,0,1,0,0,0,0,0,1,2,1,0,1,1,1,0,0,0,1,0,1,0,1,0,2,0,2,0,1,0,0,0,0
0,2,1,1,0,1,0,0,1,0,2,0,1,0,0,1,1,1,1,2,0,0,0,0,1,0,0,0,0,0,2,1,0,0,1,2,0,0,0,1
0,1,0,1,1,0,0,1,0,1,0,0,0,1,1,1,1,0,0,1,0,0,0,0,0,1,0,1,1,1,2,0,0,0,0,2,0,0,0,0
0,0,1,1,1,0,1,2,0,1,1,0,1,1,1,0,0,0,0,1,0,0,0,0,0,1,0,1,1,1,0,1,0,1,0,1,1,0,0,0
0,1,1,1,0,0,0,2,0,0,0,0,0,0,0,1,1,2,1,1,0,0,0,0,0,0,1,1,1,1,0,2,0,1,0,0,1,0,0,0
0,0,0,0,0,1,0,1,2,0,2,0,1,2,1,0,0,0,0,2,0,0,0,0,2,2,0,0,1,1,0,1,1,2,0,2,2,0,0,0
0,2,0,1,1,1,1,0,0,1,0,1,0,0,1,1,1,2,0,2,0,0,0,0,0,0,1,0,1,1,1,2,0,1,0,1,0,0,0,0
0,2,0,2,0,0,0,1,1,0,1,1,1,1,0,0,1,2,0,1,0,0,0,0,2,2,0,0,0,2,1,1,0,0,0,0,1,2,0,0
0,1,1,0,1,1,1,1,1,0,0,1,1,1,2,1,1,0,0,2,0,0,0,0,0,0,0,0,0,1,0,0,0,0,1,1,1,0,0,1
0,2,0,0,0,1,1,1,0,0,0,0,0,0,0,0,1,0,0,2,1,1,0,0,0,2,0,0,0,0,2,1,0,0,0,0,2,0,1,1
0,0,0,0,0,0,2,2,0,0,2,1,1,1,0,1,2,1,0,1,0,0,0,0,0,2,1,1,0,0,1,0,0,1,0,2,0,1,0,1
1,0,1,1,0,0,1,1,0,1,1,1,1,2,1,1,1,1,0,1,0,0,0,0,0,0,0,0,0,0,1,0,1,2,0,0,1,1,1,1
1,1,0,1,1,0,0,1,0,0,1,1,0,2,0,0,0,2,1,0,0,0,0,0,0,0,1,0,0,1,1,0,0,1,0,1,1,0,1,1
0,1,2,1,0,1,1,1,0,1,0,0,0,0,0,1,1,0,0,1,1,1,0,0,0,1,0,1,1,2,2,1,0,1,0,2,2,0,1,1
0,0,0,1,0,0,0,0,0,1,0,0,0,1,0,0,1,2,0,1,0,0,0,0,0,0,1,0,0,0,0,1,0,1,0,1,1,0,2,1
0,0,0,1,1,0,1,0,0,1,2,0,1,2,0,1,1,1,0,2,1,1,0,0,0,1,0,1,0,0,1,0,0,0,0,2,0,0,0,1
1,0,0,0,1,1,1,1,0,1,1,0,1,1,0,1,1,0,0,1,0,0,0,0,0,0,0,2,1,2,2,2,0,0,1,2,1,0,0,1
0,2,1,1,1,0,0,1,0,0,1,0,0,2,0,1,2,0,0,1,0,0,0,0,0,0,0,0,0,1,0,1,1,1,0,1,0,0,0,1
0,1,1,2,0,1,1,2,0,0,2,1,2,0,0,0,0,0,0,0,0,0,0,0,0,1,1,0,1,0,0,1,1,0,0,1,0,0,0,1
1,0,0,1,1,0,0,1,0,0,0,0,0,1,0,2,0,2,0,0,0,0,0,0,0,1,1,0,1,2,1,0,0,2,0,0,1,1,1,1
0,0,0,1,0,0,1,0,0,1,0,0,0,2,0,2,1,1,0,0,0,1,0,0,0,1,1,0,0,1,0,0,0,2,0,0,0,0,0,1
2,0,0,0,0,1,0,0,1,0,1,0,1,0,0,1,1,1,0,0,0,0,0,0,0,1,2,1,2,0,1,1,1,1,0,1,0,0,0,0
0,0,0,2,1,0,1,2,0,1,1,1,1,1,0,0,1,1,0,1,0,0,0,0,0,1,0,0,1,0,0,2,1,0,1,1,0,0,0,1
0,1,1,0,0,0,1,0,0,0,2,1,0,1,0,1,1,0,0,1,0,0,0,0,1,1,0,1,0,0,0,1,0,1,0,0,0,0,1,0
1,2,1,1,1,0,1,0,0,0,0,1,0,1,0,1,1,0,0,1,0,0,0,0,2,2,2,0,0,0,1,1,0,2,0,0,0,0,1,1
0,1,2,1,0,0,0,2,0,0,1,0,1,1,0,0,0,1,0,1,0,0,0,0,0,2,0,0,0,0,2,0,2,2,1,0,2,0,0,0
1,1,1,0,0,0,2,0,0,0,2,0,0,1,0,1,0,0,0,0,1,1,0,0,0,1,1,0,1,1,2,0,0,0,0,0,0,0,0,0
0,1,0,0,0,1,0,0,1,1,1,0,0,2,0,0,1,1,0,0,0,0,0,0,0,2,1,1,2,0,1,0,0,1,0,0,1,0,0,0
1,0,1,2,1,0,1,0,0,0,2,2,1,1,0,1,1,0,0,0,0,0,0,0,0,1,0,1,0,2,2,1,0,1,0,2,0,0,0,1
0,0,0,2,2,0,0,0,0,1,1,1,1,0,0,1,0,1,1,2,1,1,0,0,0,1,0,1,1,1,2,1,1,1,0,2,1,1,0,0
1,0,1,0,0,0,1,1,0,0,0,1,0,1,1,1,1,1,0,0,0,0,0,0,0,1,2,0,1,2,1,0,0,1,1,1,1,0,0,1
0,2,1,0,1,0,0,1,0,0,0,2,1,1,1,0,0,0,0,1,0,0,0,0,1,1,0,0,1,0,2,0,1,1,0,0,2,0,0,1
1,1,0,1,1,1,1,1,0,0,1,0,0,1,0,2,0,2,0,1,1,1,0,0,2,0,0,0,0,2,2,1,1,2,1,1,0,0,0,0
1,2,0,1,0,0,1,2,0,0,2,1,1,1,0,2,1,1,1,0,0,0,1,1,1,0,0,0,1,0,2,0,1,1,1,1,2,0,0,1
1,1,1,0,0,0,2,1,0,0,1,1,0,1,0,1,1,1,0,1,0,0,0,0,0,0,1,1,0,1,2,0,1,1,1,2,0,0,1,0
1,0,2,1,1,1,0,1,0,1,0,0,1,2,0,0,1,1,1,1,0,0,0,0,0,1,2,0,1,1,2,0,0,0,0,0,2,1,0,0
0,0,1,1,0,1,1,1,0,1,1,1,0,2,0,0,0,1,0,1,1,1,0,0,0,1,1,1,1,1,2,2,0,1,0,0,1,0,1,0
0,0,1,1,1,1,1,0,0,1,1,2,1,0,1,0,2,0,1,0,2,2,0,0,0,1,0,0,0,1,1,0,0,0,0,1,0,0,0,0
0,1,1,1,1,1,0,1,0,0,1,1,1,2,1,2,0,0,0,1,0,0,0,0,2,0,0,0,0,0,2,1,1,1,0,1,1,0,0,1
1,0,0,1,0,1,1,2,0,1,1,0,0,1,0,1,0,1,0,0,0,0,0,0,0,1,0,1,1,0,1,0,0,1,0,1,1,0,0,1
1,0,0,2,0,0,2,1,1,0,1,0,1,0,1,1,0,1,0,1,0,0,0,0,0,1,1,0,0,1,1,1,0,2,0,1,0,0,0,0
0,2,0,1,0,1,0,2,0,0,1,1,1,1,0,1,2,0,0,0,1,1,0,0,0,2,1,1,0,1,1,0,1,0,0,1,0,0,1,1
0,1,0,0,0,0,2,0,0,1,0,0,1,1,0,1,1,0,0,0,1,1,0,0,1,1,0,0,1,0,1,0,0,1,0,1,0,0,0,0
2,2,1,2,0,0,1,2,0,2,2,1,0,0,0,1,1,1,0,0,1,1,0,0,0,2,2,1,0,1,0,1,0,0,0,1,2,0,0,0
0,0,1,2,1,1,1,0,0,1,2,1,1,1,0,0,2,0,1,1,0,0,0,0,0,1,0,0,0,0,2,0,1,2,0,1,2,1,2,1
1,2,0,1,0,0,1,0,0,1,0,0,2,2,0,2,2,0,0,1,1,1,0,0,0,1,1,0,0,2,1,0,0,0,0,0,2,0,1,1
0,1,1,1,0,1,2,2,0,1,1,1,2,0,1,1,0,1,0,1,0,0,0,0,0,0,0,0,2,0,0,1,1,1,0,0,2,0,0,1
0,0,1,1,1,0,1,1,0,0,1,1,0,2,0,0,0,1,0,1,0,0,0,0,0,1,1,1,0,1,1,0,0,2,0,0,0,0,0,1
0,1,0,2,0,1,0,1,0,2,2,1,1,1,1,0,0,1,0,1,1,1,0,0,1,0,1,1,0,0,0,1,1,0,0,1,1,0,1,0
0,1,0,2,0,0,0,0,0,0,1,0,1,1,0,0,1,1,0,1,0,0,0,0,0,2,0,1,0,0,2,0,2,2,0,1,2,0,1,1
1,0,1,2,0,0,0,0,0,1,2,2,0,1,0,0,1,1,0,2,0,1,0,0,0,1,1,0,0,1,1,1,1,0,1,1,2,0,0,1
1,0,1,1,0,0,0,2,0,1,0,0,0,1,0,1,1,0,1,0,0,0,0,0,0,2,1,0,0,2,1,2,2,1,0,1,1,0,0,1
0,1,0,2,0,0,1,1,1,0,0,0,0,1,0,2,1,1,0,0,0,0,0,0,0,1,0,0,0,2,0,0,0,1,0,1,0,0,0,0
1,0,0,1,1,0,0,1,0,1,0,1,1,0,0,1,1,2,0,1,0,0,0,0,0,0,1,0,0,2,1,0,0,0,2,0,2,0,0,1
0,1,0,1,0,0,1,1,0,1,1,1,0,2,0,1,2,1,0,1,0,1,0,0,0,0,0,2,0,0,2,0,1,2,0,0,0,0,0,1
1,2,0,0,0,0,1,0,0,1,1,1,0,0,1,0,0,0,0,1,1,1,0,0,0,0,0,0,1,1,2,0,0,1,0,1,0,0,0,0
0,0,1,0,0,0,2,2,1,0,2,0,0,1,0,1,0,1,0,1,0,0,0,0,0,0,1,0,1,0,1,1,0,0,0,1,1,0,0,0
0,1,0,0,1,0,2,1,0,0,2,2,0,1,0,1,1,1,0,2,0,0,0,0,0,0,2,1,0,1,2,1,0,1,0,0,1,2,0,0
2,1,0,0,0,0,1,2,0,2,1,0,1,1,0,2,1,1,0,0,1,1,0,0,0,1,0,1,1,1,1,1,1,0,0,0,0,0,0,0
0,1,0,0,0,0,1,1,1,1,2,1,0,0,2,1,0,1,0,1,0,1,0,0,0,1,1,1,0,2,1,1,1,1,0,1,2,0,1,1
1,0,0,1,1,1,1,1,0,0,0,1,0,0,1,1,0,1,0,1,0,0,0,0,0,2,0,1,0,0,1,2,0,0,1,0,0,0,1,1
0,0,1,0,0,0,1,1,0,0,1,1,1,0,0,0,1,2,0,1,0,0,0,0,1,1,1,0,0,1,1,1,0,0,0,1,1,1,1,1
1,2,0,0,0,0,1,1,1,1,1,0,0,0,0,1,0,1,0,1,1,1,1,1,0,1,1,0,1,1,2,1,0,1,0,1,0,0,0,0
0,0,0,1,0,1,1,1,0,1,0,1,0,0,1,1,0,1,0,2,0,0,0,0,0,1,2,2,1,0,1,0,1,1,1,1,1,0,1,1
1,2,0,0,1,0,1,2,1,2,2,0,0,1,1,0,2,1,1,1,1,1,0,1,0,1,0,1,1,1,1,0,0,0,0,1,2,0,1,0
0,1,0,1,0,0,1,0,1,0,1,1,0,1,1,1,0,2,0,1,1,1,0,0,0,0,0,0,0,2,1,1,1,2,0,2,1,0,0,1
2,1,1,1,1,0,2,2,0,1,0,0,0,0,0,2,2,1,1,1,1,1,0,0,0,0,1,0,0,2,0,0,1,1,0,0,1,0,0,1
2,0,1,2,0,0,2,0,0,0,1,1,1,0,1,2,0,2,1,1,0,1,0,0,0,0,0,2,0,0,2,2,1,1,0,1,0,1,0,1
1,0,0,2,1,0,0,2,0,0,0,1,0,0,1,2,1,0,0,0,0,0,0,0,1,1,0,1,1,2,1,0,0,1,1,1,0,1,0,0
1,1,1,1,1,0,0,0,0,1,0,2,1,2,0,1,1,0,0,0,0,0,0,0,1,0,0,1,1,0,2,0,0,1,1,0,2,0,0,1
2,2,0,1,2,0,1,1,0,1,1,2,0,2,0,1,1,0,0,0,1,1,0,0,0,1,1,0,0,1,1,0,1,1,0,0,0,1,0,1
0,1,0,1,1,0,1,1,0,0,1,1,0,1,0,1,0,1,1,1,0,0,0,0,2,1,0,1,1,2,1,1,2,2,1,1,1,1,1,1
1,1,0,0,0,0,1,0,0,0,2,0,1,1,0,2,1,1,0,0,0,0,0,0,0,2,1,1,1,1,1,1,1,2,0,1,0,1,1,0
1,1,1,0,0,1,2,1,0,1,2,0,0,2,0,0,1,1,1,2,1,1,2,2,0,1,0,1,0,2,2,0,0,1,1,0,1,1,0,0
2,0,1,1,0,0,1,1,0,0,0,1,0,1,1,2,1,0,0,0,0,0,0,0,1,1,0,1,0,1,0,1,0,0,0,1,2,0,0,1
1,0,1,2,0,0,2,1,0,1,1,0,0,0,0,1,1,0,0,1,0,0,0,0,0,0,0,1,0,2,2,0,0,1,0,1,2,0,0,1
0,0,0,1,0,0,1,2,1,2,1,0,1,2,0,2,0,0,0,1,1,1,2,2,2,0,0,0,2,1,0,0,1,0,0,1,1,1,0,1
1,2,0,1,0,0,0,0,0,1,1,1,2,1,0,0,1,1,0,0,2,2,0,0,0,0,1,0,1,0,2,0,1,0,0,0,1,0,0,1
1,1,2,0,1,1,2,2,1,0,1,0,1,1,0,1,0,1,0,2,0,0,0,0,0,1,0,1,1,0,2,0,1,0,0,0,0,1,0,1
0,1,1,1,0,0,1,2,0,1,1,1,0,2,0,1,1,2,0,0,0,0,0,0,2,1,0,2,0,0,1,1,1,0,0,1,1,0,0,1
0,1,1,2,0,1,1,0,0,0,1,1,0,2,1,1,0,0,0,0,0,1,0,0,2,0,0,0,0,0,1,0,0,0,0,1,2,1,1,0
1,1,0,1,0,1,1,1,1,2,2,1,1,1,0,1,1,0,1,1,0,0,0,0,0,0,0,1,1,0,0,1,0,1,0,0,1,0,2,1
0,0,0,0,0,1,1,0,0,0,1,0,1,1,0,1,1,0,1,2,0,0,0,0,0,0,1,1,2,0,1,1,0,1,0,1,0,0,0,0
0,1,2,0,0,0,0,1,0,1,1,1,0,1,0,0,0,1,0,0,0,1,0,0,0,1,0,1,0,0,1,1,1,0,1,1,1,0,0,1
1,1,1,2,0,1,1,2,1,1,0,0,1,0,0,0,1,0,0,0,0,0,0,0,0,1,0,1,0,1,2,0,0,0,1,1,0,0,1,0
1,1,1,0,1,1,0,0,0,0,2,0,0,2,0,0,2,0,0,0,0,0,0,0,0,0,1,0,1,2,0,1,0,0,0,0,1,0,0,1
0,2,0,2,0,0,2,0,0,0,0,1,1,1,0,1,1,0,0,0,0,0,0,0,0,1,0,0,0,1,2,2,0,0,0,1,0,0,0,1
1,2,1,0,0,0,0,1,1,0,2,1,1,1,0,1,0,0,0,1,1,1,0,0,0,2,1,1,1,1,1,1,0,0,0,1,1,0,1,1
1,0,1,0,0,0,1,2,1,2,1,1,2,1,0,2,1,0,0,0,0,1,0,0,0,0,0,0,0,0,0,1,0,0,0,0,1,0,0,0
0,2,0,1,1,0,0,1,0,2,1,1,0,1,1,2,0,1,0,0,1,1,0,0,0,1,1,1,0,0,2,1,0,0,1,0,1,1,1,0
2,1,1,1,0,1,2,2,0,0,1,0,0,1,0,0,2,0,0,0,1,1,1,1,0,2,1,0,1,1,0,1,0,0,0,1,2,0,0,1
0,2,0,0,1,0,1,0,1,1,1,0,1,1,0,2,1,1,0,0,1,1,0,0,0,0,1,1,0,0,2,0,0,1,0,1,1,0,0,1
1,1,1,1,0,1,0,1,0,0,0,1,0,2,0,0,1,1,0,0,0,0,0,0,0,2,0,1,0,0,0,0,0,0,0,0,1,0,0,1
1,1,1,2,1,0,1,1,0,0,1,0,0,0,1,1,1,1,0,1,0,0,0,0,0,1,1,0,0,1,1,0,0,0,0,1,2,0,1,1
1,1,1,1,1,0,1,0,0,0,1,1,1,0,0,0,0,0,0,1,1,0,2,2,0,1,0,1,1,0,0,0,0,1,0,0,0,0,0,0
2,1,0,1,0,1,0,1,0,1,2,1,0,1,0,1,2,0,0,0,0,1,0,0,2,1,1,0,0,1,0,0,0,1,0,0,0,0,1,1
0,0,0,1,0,0,0,1,0,0,0,1,2,2,0,2,0,0,1,1,0,0,0,0,0,2,0,1,1,0,0,1,1,2,1,2,2,0,0,0
0,0,0,1,1,0,1,1,0,0,2,0,0,2,0,0,0,1,0,1,1,1,0,0,1,0,1,0,1,1,1,1,0,0,0,0,1,0,1,0
2,1,0,0,0,0,0,1,1,0,2,1,1,1,0,1,1,0,0,0,0,0,0,0,0,0,0,0,1,0,1,1,0,0,0,2,1,0,0,0
0,1,0,0,0,0,1,2,0,0,0,1,1,1,0,2,1,1,0,1,0,0,0,0,0,2,0,0,0,0,1,1,0,0,1,2,0,0,0,0
1,0,1,2,0,1,1,0,0,1,1,0,2,1,0,1,2,1,0,0,0,0,0,0,0,2,0,1,1,0,1,1,1,1,0,0,1,0,0,1
0,1,1,0,0,0,1,2,0,0,1,1,1,0,0,1,1,0,0,1,0,0,0,0,0,0,1,0,1,1,0,1,0,0,0,0,1,0,0,1
1,1,0,1,0,0,0,1,0,1,1,1,1,2,0,1,0,1,0,2,0,0,0,0,0,1,1,1,0,2,1,1,0,1,0,0,1,0,0,1
0,1,0,1,0,0,1,1,0,1,1,1,1,1,1,2,2,0,0,1,0,0,0,0,0,1,2,1,1,1,1,1,0,2,0,2,2,1,0,0
0,0,0,0,0,0,1,0,0,2,1,1,1,1,1,0,0,0,0,1,0,0,0,0,1,0,0,0,0,0,1,0,0,1,1,1,1,0,1,0
1,0,0,1,0,0,1,1,0,0,1,1,1,2,0,1,1,2,0,1,0,0,0,0,0,0,1,0,0,0,2,0,0,1,1,0,0,0,0,1
0,0,2,1,0,2,1,1,1,1,2,2,1,2,0,0,1,1,0,0,1,1,0,0,0,0,0,0,1,0,1,0,1,1,0,1,1,0,0,1
0,2,1,1,1,1,1,2,0,0,2,0,1,2,0,0,2,1,0,2,0,0,0,0,0,1,1,1,0,1,1,0,0,0,0,2,1,1,0,1
1,1,0,1,1,0,0,2,1,1,2,1,0,0,0,0,0,0,0,0,1,1,0,0,2,0,1,1,0,1,2,1,0,1,0,1,0,0,0,0
1,0,1,0,0,0,1,0,1,0,2,0,1,1,0,0,1,0,0,2,1,1,2,2,0,1,0,0,1,1,0,1,1,1,0,0,1,0,1,0
0,2,0,0,0,0,1,2,0,0,1,1,1,1,0,1,1,0,0,0,1,1,0,0,0,0,0,1,0,1,1,1,0,1,1,2,0,0,0,1
2,0,0,0,0,1,1,1,0,0,2,1,2,1,1,1,0,0,1,1,0,1,0,0,2,2,1,0,0,0,1,0,0,0,0,0,2,1,0,1
0,1,1,1,0,0,1,0,0,2,1,1,0,1,0,1,2,0,0,2,0,0,1,0,0,0,0,0,0,1,1,0,0,1,0,1,2,0,0,1
1,2,2,1,0,1,2,1,0,0,1,1,1,0,0,0,0,1,0,2,1,1,0,0,0,1,1,0,0,1,0,1,0,1,2,0,2,0,1,0
1,1,2,1,0,0,1,0,0,0,2,1,0,1,0,2,1,1,0,0,0,0,0,0,0,0,1,0,1,2,2,0,1,1,0,0,0,1,0,1
1,1,1,1,0,0,1,1,0,1,1,1,2,0,0,1,1,1,0,0,0,0,0,0,1,1,2,1,2,2,1,0,0,1,0,0,1,0,0,0
1,1,0,2,0,1,0,0,0,0,1,1,0,2,0,1,0,1,0,1,0,0,0,0,0,2,1,0,0,0,0,0,0,1,1,1,0,0,0,0
0,1,1,1,0,1,1,1,0,1,1,0,1,0,1,1,2,1,0,0,0,0,0,0,0,2,0,0,1,1,0,1,0,0,0,1,2,0,0,1
2,0,1,2,0,0,1,0,0,1,0,1,1,1,0,1,1,0,0,1,0,0,0,0,2,0,0,0,0,0,1,0,0,0,0,0,1,1,1,0
0,0,1,1,0,0,0,1,0,1,0,2,1,0,0,0,1,1,0,0,1,1,0,0,0,1,1,0,0,1,1,0,0,0,0,0,2,0,1,1
0,0,0,0,0,2,0,1,0,1,0,1,0,1,0,2,0,2,0,0,1,1,0,0,0,0,0,0,1,0,2,1,0,1,1,0,1,1,0,1
1,0,0,1,0,0,1,1,0,0,1,1,0,1,0,1,1,1,0,1,0,0,1,1,0,1,0,0,1,1,1,0,1,2,1,1,1,0,0,0
1,1,0,2,0,0,2,1,1,0,2,1,1,1,0,1,0,1,0,1,1,1,0,0,0,1,1,0,0,1,1,0,0,0,0,1,2,1,2,0
1,1,0,2,1,0,1,1,1,0,0,0,0,2,1,2,1,0,1,0,0,0,0,0,0,0,1,0,0,0,1,1,1,1,0,0,1,0,1,0
0,1,1,1,0,1,1,0,0,2,2,1,1,0,0,1,1,2,0,2,1,1,0,0,0,0,0,0,0,0,0,1,0,0,1,0,0,1,0,0
1,1,1,1,1,0,1,2,0,1,2,1,0,1,1,0,1,1,0,0,0,0,0,0,0,0,0,1,0,0,0,2,1,1,0,0,0,1,0,1
0,1,0,2,0,0,1,2,0,0,0,1,1,2,0,2,1,1,0,1,1,1,2,2,0,0,0,0,0,0,0,1,0,0,0,0,1,1,0,1
1,0,0,0,1,0,0,1,0,1,1,0,2,2,0,1,1,1,1,1,2,2,0,0,0,2,0,0,1,1,1,1,0,1,0,0,0,0,1,0
0,0,1,0,0,0,1,0,0,1,1,1,1,0,1,1,0,0,0,2,2,2,0,0,0,0,1,1,0,2,1,0,0,0,0,2,2,0,1,1
1,0,0,1,1,1,0,1,0,0,1,1,0,2,0,0,1,1,0,1,0,0,0,0,0,1,0,0,0,0,1,0,0,0,1,1,1,0,1,1
1,1,1,0,0,1,0,0,0,0,0,0,0,1,0,2,1,1,0,0,0,0,1,1,0,1,1,0,1,1,2,0,0,0,1,0,0,0,0,1
1,1,1,1,0,1,1,1,0,1,0,1,0,2,0,1,0,1,0,1,0,0,0,0,0,1,1,2,0,2,2,1,0,1,0,1,1,0,1,1
0,0,0,0,1,0,0,2,0,1,2,0,0,2,0,1,0,1,0,2,0,0,0,0,0,1,2,1,0,2,1,2,0,2,1,0,2,0,0,1
0,1,0,2,1,0,1,1,0,1,1,0,0,2,1,0,2,0,0,0,0,0,0,0,0,1,0,1,1,1,0,1,0,0,0,1,1,0,1,1
1,0,1,1,0,0,0,1,0,1,0,1,2,1,0,1,1,2,0,0,0,0,0,0,0,0,0,0,1,1,0,1,0,0,0,0,2,1,0,1
1,1,1,1,0,0,0,0,0,0,2,1,1,1,0,0,0,1,0,1,0,0,0,0,0,1,0,1,1,1,0,0,0,0,0,0,0,0,0,0
1,1,1,1,0,1,1,1,0,0,0,0,1,1,0,2,1,0,0,1,1,1,2,2,0,2,0,0,1,1,2,1,0,1,0,0,1,0,0,1
1,1,0,2,0,1,0,1,0,0,1,1,0,1,0,1,1,1,0,0,0,0,0,0,0,1,0,0,1,1,1,0,1,1,0,1,2,0,0,1
0,0,0,1,0,1,0,1,0,0,2,0,1,1,0,0,0,0,0,1,1,1,0,0,0,0,0,2,0,0,0,0,0,0,0,1,1,0,0,0
1,0,1,0,0,0,0,1,0,0,0,1,1,1,1,0,1,2,0,0,0,0,0,0,0,1,0,0,0,1,1,0,0,1,0,0,0,0,1,1
2,1,1,0,0,0,1,1,0,1,1,0,1,0,0,2,1,1,0,2,0,0,0,0,0,1,0,0,1,1,2,0,1,1,0,1,2,1,0,0
1,0,0,1,2,1,0,1,0,1,0,0,0,1,0,0,1,0,1,0,0,0,0,0,0,1,1,1,0,0,0,0,0,0,0,0,1,0,0,0
1,1,1,1,0,0,0,1,0,2,0,0,0,1,0,0,0,0,0,1,1,1,0,0,2,1,1,0,1,2,2,0,1,2,0,0,1,1,0,0
2,2,0,1,0,0,0,2,0,0,0,1,1,1,0,0,0,2,0,1,1,1,0,0,0,1,0,0,0,1,1,1,0,0,0,1,1,0,1,0
0,1,0,1,0,1,1,0,0,1,2,1,0,0,0,1,1,1,0,0,1,1,0,0,0,0,2,1,2,1,1,1,0,0,0,1,1,0,0,0
0,1,2,0,0,0,1,2,0,0,2,2,1,0,0,2,1,1,0,0,0,0,0,0,0,0,0,0,0,1,1,1,1,1,0,0,2,0,1,1
1,1,1,0,0,0,1,0,2,0,1,1,0,1,0,1,0,2,1,1,0,0,0,0,0,1,1,0,1,2,1,2,0,1,0,1,1,0,0,1
2,0,0,2,1,1,1,2,0,1,2,2,0,2,0,1,0,1,0,0,0,0,2,2,0,1,0,0,0,1,1,1,0,0,0,1,0,1,0,1
0,2,1,1,1,0,0,1,0,1,1,0,2,1,0,1,0,0,0,1,0,0,0,0,0,1,1,0,0,1,0,0,1,0,0,0,2,0,0,1
1,0,1,1,0,0,1,1,0,0,0,1,0,2,0,1,1,1,0,0,0,0,0,0,1,1,0,1,0,0,1,1,0,1,0,0,1,0,0,1
1,0,0,0,0,1,0,1,0,0,1,1,0,0,0,2,0,1,0,0,0,0,0,0,0,0,0,0,0,2,2,1,0,1,0,1,1,0,1,1
0,1,1,2,0,0,0,1,1,2,1,0,1,2,0,1,0,0,0,1,0,0,0,0,0,0,0,0,1,1,1,0,0,1,0,0,0,1,0,1
1,2,0,1,0,1,0,1,0,0,0,0,2,1,0,0,0,0,1,2,1,2,0,0,0,2,1,0,0,1,1,1,0,0,0,0,0,0,0,1
1,0,0,0,0,0,1,1,0,0,2,0,0,2,1,1,0,0,0,0,1,0,0,0,0,0,1,1,0,0,0,1,1,0,0,0,0,0,0,0
1,0,1,0,1,1,0,2,0,0,0,0,0,0,1,1,1,0,0,0,0,0,0,0,0,1,0,0,0,1,2,1,1,1,0,0,1,0,0,1
2,1,0,1,0,1,0,1,0,1,0,0,1,1,0,1,1,2,0,0,0,0,0,0,0,0,1,0,0,0,1,1,0,0,0,1,2,0,0,1
0,0,1,1,0,1,1,2,1,1,1,0,0,1,0,1,0,0,0,1,1,1,0,0,0,1,0,1,1,1,1,2,0,2,2,0,1,0,0,0
2,1,0,1,0,0,1,1,0,1,1,0,1,2,0,0,2,1,0,1,0,0,0,0,0,0,0,0,2,1,1,1,0,0,0,0,2,0,0,1
1,1,2,2,1,1,0,2,0,1,2,1,1,0,1,1,1,0,0,0,0,1,0,0,2,1,0,0,1,1,1,0,1,2,0,1,0,0,0,1
2,1,1,1,1,0,0,2,1,1,0,1,0,1,1,2,0,1,0,2,0,1,0,0,0,0,1,0,1,0,1,1,0,2,0,0,0,0,0,0
2,0,0,2,2,1,1,2,0,0,1,0,1,1,1,1,0,1,0,0,0,0,0,0,0,1,1,0,1,0,1,1,1,0,0,1,2,0,0,0
1,0,1,0,0,0,0,1,0,0,1,0,1,1,0,1,1,0,0,1,2,2,0,0,2,1,1,2,0,1,1,0,0,0,0,1,1,1,1,0
1,0,0,1,0,0,2,1,0,0,1,0,0,1,0,1,0,1,0,1,2,2,0,0,0,0,2,1,2,0,2,2,0,1,1,0,0,0,0,1
0,0,0,2,0,1,0,2,0,1,1,1,0,0,0,1,0,0,0,0,0,0,0,0,2,1,0,0,0,1,0,1,0,1,0,1,2,0,0,0
1,0,0,0,0,0,1,2,1,0,1,1,0,1,0,1,1,1,0,0,0,0,0,0,0,1,1,1,0,0,0,0,0,1,1,1,1,0,0,0
0,1,0,1,0,1,1,1,1,0,1,0,0,1,0,0,1,1,0,1,0,0,0,0,0,0,1,0,0,2,1,1,0,1,0,1,1,0,0,0
1,2,0,1,0,0,1,1,0,0,0,0,0,1,1,0,0,0,0,2,0,1,0,0,2,1,0,0,0,1,0,0,0,0,1,1,1,0,0,1
0,1,0,1,0,1,1,0,0,0,1,1,1,1,0,2,0,1,0,0,0,0,0,0,0,1,0,0,1,0,0,1,1,1,0,1,1,0,1,0
1,0,1,0,0,1,0,0,0,0,2,1,1,0,0,0,0,1,0,0,1,1,0,0,2,1,0,0,1,0,1,0,0,1,0,0,2,0,1,1
1,1,0,0,0,0,1,1,1,0,0,0,0,0,1,0,1,1,1,1,1,1,0,0,0,0,1,0,0,0,2,1,0,0,0,1,1,0,1,1
1,1,0,2,0,1,2,1,1,0,2,1,0,0,0,1,0,0,0,1,0,1,0,0,0,2,0,0,0,0,2,2,0,1,0,1,1,0,0,0
0,1,0,1,1,1,0,0,0,0,2,0,1,0,0,1,1,2,0,0,0,0,0,0,0,1,1,1,0,1,2,0,1,1,0,1,1,0,0,1
1,1,0,1,0,0,1,2,1,1,1,1,1,2,0,0,1,1,0,0,0,0,0,0,0,1,1,0,1,1,2,0,0,1,0,1,2,0,0,0
1,2,0,1,0,0,2,0,0,0,2,1,1,1,0,1,1,1,0,1,1,1,1,1,1,2,1,0,0,1,1,1,0,0,1,1,1,0,1,0
0,0,0,1,0,1,1,0,0,1,1,0,1,1,0,0,0,1,0,0,0,1,0,0,0,0,1,1,0,0,0,2,0,1,0,1,2,0,0,0
2,0,0,2,0,1,1,1,0,0,1,0,0,1,0,0,1,0,0,0,1,1,0,0,0,0,0,1,1,0,2,2,0,0,1,1,1,0,0,1
0,0,2,1,1,0,0,2,0,0,0,1,0,2,1,1,2,1,0,0,0,0,0,0,2,0,2,0,0,1,0,2,0,0,0,0,0,0,0,0
1,2,0,2,0,0,0,1,0,1,1,0,2,1,0,1,1,1,0,1,0,0,0,0,1,0,2,1,0,0,1,1,0,0,1,1,1,2,0,0
1,1,1,1,0,0,1,2,0,0,0,0,0,2,0,0,1,1,0,2,1,1,0,0,0,0,0,0,0,1,0,0,1,0,0,2,1,0,2,1
1,1,1,2,0,0,1,2,0,0,1,0,0,1,0,0,2,1,0,1,0,0,0,0,1,1,1,0,0,1,2,0,0,1,0,1,0,0,1,0
1,1,0,2,1,0,0,1,0,1,2,2,1,0,0,1,1,0,0,1,0,1,0,0,0,0,0,1,0,1,0,1,0,1,2,1,1,0,0,1
2,1,0,2,0,1,0,0,0,1,1,1,1,1,0,0,0,1,0,1,0,0,0,0,2,1,0,1,0,1,2,2,1,0,1,1,2,1,0,1
1,1,1,2,0,0,1,0,1,1,0,0,1,0,0,1,1,1,0,1,1,2,0,0,0,0,0,1,0,1,1,1,0,1,0,1,1,0,0,0
1,0,0,0,1,0,0,1,0,1,0,1,1,0,0,2,0,0,0,1,1,1,0,0,0,1,0,1,1,0,0,1,1,1,0,2,1,0,0,1
0,0,1,0,0,0,0,1,0,1,0,1,1,1,0,1,0,2,0,0,1,1,0,0,0,0,0,0,1,1,1,1,0,1,0,1,2,1,0,1
2,0,0,1,1,1,0,0,0,1,1,1,0,1,0,0,1,2,0,1,1,1,0,0,0,1,0,1,1,1,1,0,1,1,0,1,0,0,2,1
2,1,0,1,1,0,2,0,0,0,1,0,2,0,0,2,1,1,0,1,1,1,0,0,0,0,1,0,0,0,1,0,0,1,0,1,1,0,0,0
1,0,2,0,0,0,2,0,0,1,1,0,0,0,0,0,0,1,0,1,0,0,0,0,0,1,0,0,0,2,0,0,0,2,0,1,1,0,0,1
0,0,0,1,1,0,1,0,0,0,0,0,2,1,0,1,0,1,0,0,0,0,0,0,0,1,1,1,1,0,1,0,1,1,0,1,0,1,1,0
0,2,0,2,0,0,0,2,0,0,1,0,1,2,1,2,1,0,0,1,1,1,0,0,0,0,0,1,0,1,1,0,0,1,0,0,1,0,1,1
2,2,0,1,0,1,1,0,0,1,0,0,1,1,0,1,1,2,0,0,0,0,0,0,2,2,0,0,0,1,1,0,0,2,0,0,1,0,1,1
1,1,0,1,0,1,1,1,0,1,0,1,0,0,0,1,2,1,0,0,0,0,0,0,0,1,0,1,0,2,2,1,0,1,0,1,1,0,0,0
0,0,2,2,2,1,0,1,0,0,2,0,0,1,1,1,1,1,0,2,0,0,0,0,0,1,1,1,0,1,1,0,0,1,1,0,0,0,1,0
0,0,0,0,0,0,0,1,0,0,1,1,0,1,0,1,2,1,0,0,0,0,2,2,0,0,1,0,0,1,0,0,0,1,0,1,2,0,0,1
1,1,1,2,0,0,0,2,0,1,0,1,1,1,0,1,0,0,0,0,0,1,0,0,0,0,0,1,1,0,1,0,0,0,0,0,2,0,0,0
0,0,0,1,0,1,0,1,0,1,1,1,0,2,1,1,0,1,0,0,0,0,0,0,0,0,1,0,1,0,1,1,0,1,1,1,1,0,1,1
1,1,0,2,0,1,1,1,0,1,1,0,0,0,1,0,1,0,0,2,0,0,0,0,2,1,1,2,0,0,1,1,1,0,0,0,1,0,1,1
1,2,0,0,1,0,0,1,0,0,1,1,0,1,0,0,0,1,0,1,0,0,0,0,0,1,0,1,0,1,0,0,1,0,1,0,1,0,0,0
0,1,0,1,0,0,0,1,0,2,1,1,1,1,0,1,1,0,1,1,0,0,0,0,0,1,1,0,0,1,0,0,0,1,0,1,1,0,1,1
0,2,0,1,1,1,2,1,0,0,0,1,1,0,0,1,0,1,0,2,1,1,0,0,0,1,1,1,1,0,1,1,0,0,0,1,1,0,0,1
0,0,2,1,0,1,0,1,1,0,0,0,1,2,0,0,1,2,0,1,1,1,0,0,0,0,2,0,1,0,1,0,1,0,0,1,1,1,0,0
0,0,0,1,1,1,0,1,0,0,1,0,0,2,0,1,0,0,0,0,1,1,2,2,0,2,1,0,1,0,0,0,0,0,0,1,0,0,1,1
0,2,1,1,0,1,2,1,0,0,1,0,1,1,0,2,0,0,0,2,1,1,0,0,0,0,2,0,1,0,1,1,0,1,0,0,1,1,1,1
0,1,1,1,1,1,0,1,0,0,0,2,0,1,0,2,0,1,0,2,0,0,0,0,0,1,1,0,0,1,1,0,0,1,0,1,1,1,0,1
1,1,0,1,0,0,1,0,0,0,2,0,1,0,1,0,1,1,0,1,0,0,0,0,0,0,1,1,1,1,2,1,0,0,1,0,1,0,0,0
2,1,1,2,1,0,1,0,1,0,1,0,0,0,0,0,0,1,0,1,0,0,0,0,0,0,0,1,0,0,1,1,0,1,0,1,0,1,0,0
1,2,0,0,1,2,0,1,0,1,1,1,1,2,0,1,1,0,0,0,0,0,0,0,2,1,0,1,0,1,1,1,0,0,0,0,0,0,0,0
2,1,1,1,0,1,1,1,0,1,1,0,1,2,0,1,1,1,0,1,0,0,0,0,0,0,1,0,1,0,1,1,0,1,0,0,0,1,0,1
1,0,0,0,0,1,1,1,0,0,1,0,2,0,0,2,2,1,0,1,0,0,0,0,0,1,0,1,1,1,1,1,2,1,1,2,2,1,1,1
1,0,1,0,0,0,1,0,0,1,1,0,1,0,0,1,1,0,0,1,1,1,0,0,2,0,0,1,0,0,0,1,1,0,0,1,1,1,0,0
1,0,1,2,0,0,1,0,0,1,0,2,1,2,0,1,1,1,0,1,0,0,0,0,0,1,1,0,0,1,0,1,1,1,0,1,2,1,0,0
0,2,0,2,0,1,2,2,1,1,1,0,0,1,0,0,1,0,0,0,1,1,0,0,0,2,0,0,0,0,1,0,0,2,0,1,1,0,0,0
0,1,1,1,0,0,1,1,0,0,0,1,2,1,0,2,0,1,0,1,0,0,0,0,0,0,1,0,0,1,2,1,0,1,0,0,0,0,0,0
0,0,1,1,1,0,1,0,1,0,1,1,2,0,1,0,2,2,0,0,0,0,0,0,2,0,1,0,0,0,1,1,1,1,1,0,0,1,0,1
1,1,0,0,1,1,0,0,0,0,0,1,0,1,0,1,0,1,0,2,0,0,0,0,0,0,2,0,0,0,1,1,1,2,0,0,1,0,1,1
0,1,1,0,0,1,1,2,0,0,1,1,0,1,0,1,1,1,1,2,0,0,0,0,0,0,1,1,0,0,0,1,0,2,1,1,1,0,0,0
0,2,0,0,0,0,1,2,0,0,1,1,2,0,1,2,2,2,0,1,1,1,0,0,0,0,1,1,1,0,1,1,0,1,0,1,2,1,0,0
0,1,1,0,0,1,0,2,0,1,0,1,2,1,1,0,0,2,0,1,0,1,0,0,0,1,2,0,0,1,0,0,0,0,0,0,2,0,1,1
1,1,1,0,0,0,2,1,0,1,1,1,1,0,0,2,1,0,0,1,0,0,0,0,0,1,1,1,0,0,0,1,0,1,0,0,2,0,1,1
1,1,1,1,0,0,0,0,1,0,1,1,1,1,0,2,2,1,0,2,0,0,0,0,0,1,1,0,0,0,1,0,0,1,0,0,1,0,0,0
1,1,0,1,0,0,2,2,0,0,1,2,0,0,2,0,1,1,0,1,1,2,0,0,0,1,0,0,0,1,2,1,0,1,2,0,1,0,1,0
1,1,1,0,0,0,2,0,0,0,2,0,1,0,1,0,0,1,0,1,0,0,0,0,0,0,0,0,0,0,2,2,0,0,0,1,0,0,0,1
0,0,1,1,0,0,2,1,0,0,0,1,1,0,0,0,1,0,1,1,1,1,0,0,0,0,0,1,1,2,1,1,0,2,1,1,0,2,2,0
1,0,2,2,0,0,1,0,0,0,2,0,1,0,1,1,1,1,0,0,0,0,0,0,0,1,0,0,1,0,2,1,0,1,1,1,0,1,0,1
0,0,1,0,2,0,2,1,0,1,1,1,1,1,0,2,0,2,0,2,0,0,1,1,1,0,1,0,0,1,0,1,1,0,1,0,2,0,1,1
1,1,1,1,1,0,1,1,0,1,1,0,1,2,0,1,1,0,0,0,0,0,0,0,2,1,0,0,0,0,2,0,1,0,1,1,0,0,1,1
1,1,0,2,0,0,1,2,0,2,0,2,0,2,0,1,0,1,0,1,0,0,0,0,0,0,2,1,1,0,1,0,0,1,1,0,1,0,0,1
1,2,0,0,0,1,1,1,0,0,1,0,0,2,0,1,1,1,0,0,0,0,0,0,0,0,0,1,0,0,0,1,0,0,0,2,2,0,1,0
2,0,0,2,0,0,0,0,0,0,0,1,1,1,1,2,0,0,0,0,0,0,0,0,0,0,1,1,0,0,2,0,1,1,0,2,2,0,2,0
1,1,0,2,1,1,1,1,0,0,1,0,2,0,0,1,1,0,0,1,1,1,0,0,0,1,2,0,0,1,0,0,1,1,0,0,1,0,1,0
0,0,1,0,0,0,1,0,0,1,2,1,0,1,0,1,1,1,0,1,0,0,0,0,0,1,1,0,0,1,0,1,0,0,0,0,0,0,0,1
1,1,1,0,0,1,0,0,0,1,2,0,0,2,0,2,2,0,1,0,1,1,2,2,0,0,2,0,1,0,1,1,0,2,1,0,1,0,0,0
1,1,0,0,1,0,1,1,0,0,2,0,0,2,0,1,0,0,0,1,0,0,1,0,0,0,1,0,1,0,2,1,0,1,1,1,0,0,1,0
0,1,0,0,0,0,0,2,0,0,1,2,1,1,0,0,0,2,0,1,0,0,0,0,0,1,0,0,0,1,1,1,1,0,1,0,1,2,1,1
0,1,1,0,1,0,1,0,0,0,2,1,2,1,0,1,1,2,0,0,0,0,0,0,0,0,1,1,0,1,0,0,0,0,0,0,1,0,0,0
0,0,1,0,1,1,1,2,0,1,1,2,1,2,0,1,1,0,0,1,0,0,0,0,0,0,1,0,1,0,0,1,0,1,0,2,1,1,1,0
1,0,1,2,0,0,0,2,0,0,1,0,0,0,0,0,0,0,0,0,0,0,0,0,0,0,1,1,0,1,1,1,1,1,1,0,0,2,0,1
1,1,0,0,0,0,0,1,0,1,0,1,1,0,1,0,2,1,1,1,1,1,0,0,0,0,1,1,0,1,0,1,1,1,0,0,0,1,1,1
0,1,0,1,0,0,1,1,0,0,1,2,0,0,0,2,0,2,0,0,1,1,0,2,0,1,0,0,0,0,1,0,0,1,0,1,0,0,0,1
2,0,0,1,0,0,1,1,1,1,1,0,1,1,0,1,0,0,0,2,0,0,0,0,0,1,1,1,2,1,1,2,0,2,1,2,0,0,0,1
1,1,1,0,0,1,2,1,0,0,1,1,0,1,0,0,1,0,0,0,1,1,0,0,0,0,0,0,1,1,1,2,0,1,0,0,0,1,1,0
1,0,0,1,1,0,0,0,0,0,1,0,2,0,0,2,0,1,0,1,0,0,1,1,0,1,0,1,1,1,2,1,0,0,0,1,0,0,0,1
1,0,0,2,0,0,0,1,0,1,0,1,1,2,0,0,0,1,0,2,2,2,0,0,0,1,0,1,2,2,1,0,0,0,0,1,1,1,0,1
0,1,0,0,1,0,1,1,0,1,1,0,1,1,0,0,0,0,0,1,0,0,0,0,0,0,0,0,1,1,1,1,0,1,1,0,0,0,0,0
1,0,0,1,1,1,1,1,1,1,2,0,1,2,1,1,1,0,1,1,0,0,0,0,0,0,0,1,2,1,0,1,1,0,0,0,1,0,0,1
1,1,0,1,0,0,0,2,1,1,1,0,2,1,1,1,1,1,0,2,0,0,0,0,0,0,2,1,0,1,0,1,0,1,0,2,0,0,0,1
0,0,0,0,0,0,0,1,0,0,1,1,0,2,0,0,0,2,0,0,0,0,0,0,0,0,2,1,1,1,1,1,2,1,0,0,1,1,1,1
0,1,0,1,0,1,1,1,0,0,2,0,1,1,1,2,2,1,0,0,0,0,2,2,0,1,1,1,1,0,1,1,0,0,0,1,0,0,0,1
2,1,1,1,0,0,1,0,0,1,0,1,1,1,1,1,0,1,0,1,1,1,0,0,0,0,0,0,0,0,1,2,0,0,0,2,0,1,0,1
2,1,1,0,1,1,0,1,0,0,1,0,1,1,0,1,1,1,0,0,0,0,0,0,0,1,0,1,0,1,1,1,0,1,1,0,2,0,0,1
1,1,0,1,0,0,1,1,0,0,2,0,1,1,0,1,1,0,0,2,1,1,0,0,0,0,0,1,0,1,1,0,0,0,0,0,2,0,0,1
0,0,1,1,1,0,1,2,0,0,0,1,2,2,0,1,1,0,0,1,0,0,0,0,0,1,0,0,1,1,0,0,0,0,0,0,0,0,0,0
1,0,0,1,1,1,0,2,0,0,1,1,1,0,0,1,1,0,1,1,1,1,0,0,0,1,0,0,0,0,0,1,2,0,0,2,2,1,0,1
1,0,0,0,0,1,1,1,0,1,0,1,0,0,1,0,1,1,0,0,1,1,0,0,0,1,2,0,1,1,2,0,0,2,0,2,1,1,0,1
0,1,0,2,1,1,0,2,0,1,1,1,1,1,0,1,0,0,0,0,0,1,0,0,1,1,1,0,0,1,1,2,0,1,0,1,2,0,0,1
0,1,1,1,0,0,2,0,0,0,0,0,1,0,0,0,0,1,0,0,1,1,0,0,0,0,0,0,0,1,1,2,1,1,0,0,0,1,2,0
1,0,2,2,0,1,1,1,0,1,1,1,2,2,0,2,1,1,0,1,0,0,1,1,1,1,2,0,0,1,2,1,0,0,0,1,0,1,0,0
1,1,0,0,0,1,0,0,0,1,1,2,0,1,0,2,1,0,0,1,0,0,0,0,0,1,0,0,1,2,1,0,0,0,0,1,1,0,2,1
0,0,0,2,1,0,1,2,0,0,2,1,0,1,0,1,2,1,0,1,0,0,0,0,0,1,1,1,0,1,0,2,0,0,0,0,1,0,0,0
1,1,1,0,0,1,2,1,0,0,2,2,0,2,0,1,1,1,0,1,0,0,0,0,0,0,1,0,0,1,1,0,0,0,1,0,0,0,1,0
1,1,0,1,0,0,1,1,2,1,1,1,1,0,0,2,0,0,0,1,1,1,0,0,0,0,0,0,0,0,0,1,1,1,0,0,1,0,0,1
0,0,1,0,1,1,0,0,0,0,0,0,0,1,0,1,0,1,0,0,0,0,0,0,0,1,0,1,0,1,1,1,1,1,0,0,1,0,0,1
0,1,1,0,2,2,0,2,0,0,2,0,2,1,1,1,1,2,0,2,1,1,0,0,0,0,0,0,1,1,1,1,0,1,0,0,1,0,1,0
0,0,1,1,0,0,1,0,0,0,2,0,0,1,0,1,2,1,0,1,1,1,0,0,0,0,1,0,1,1,0,0,0,1,0,0,2,1,0,1
1,1,0,2,1,0,0,2,0,0,0,0,0,0,0,0,0,2,0,1,0,0,0,0,0,1,0,0,0,1,2,0,0,1,0,1,2,0,0,0
1,1,1,1,1,0,0,1,1,0,2,1,1,1,0,0,1,0,0,2,0,0,0,0,1,2,0,1,1,2,0,1,0,1,0,0,0,0,0,1
1,1,0,1,0,1,0,0,0,0,1,1,1,0,0,1,1,1,0,1,0,0,0,0,0,0,1,1,0,1,2,0,1,2,0,0,1,0,1,0
1,1,1,1,0,0,1,0,0,1,2,2,0,1,0,1,0,1,0,0,0,0,0,0,1,0,0,2,0,0,2,0,1,1,0,1,1,1,1,1
1,0,0,0,0,0,0,1,0,1,1,0,0,0,0,0,1,1,0,0,0,0,0,0,0,1,1,0,1,0,0,1,0,0,0,0,2,1,0,1
0,1,1,2,0,1,1,0,1,0,2,0,0,2,0,1,0,1,0,2,0,1,0,0,0,1,1,0,1,0,2,2,1,0,0,1,2,0,0,0
0,0,1,1,1,1,0,0,0,1,0,1,0,0,0,1,0,1,0,0,0,0,0,0,0,1,1,2,0,0,2,1,0,0,0,0,1,0,1,1
1,1,0,0,1,1,1,0,0,0,1,1,1,2,0,1,0,0,1,2,0,0,0,0,0,0,0,1,1,0,1,0,0,2,0,0,1,0,0,1
0,0,1,1,2,0,1,2,0,1,0,1,0,2,0,0,2,1,0,0,0,0,0,0,0,0,1,0,1,1,1,2,0,1,0,0,1,0,0,1
0,2,0,2,0,0,1,2,1,2,1,0,2,2,0,0,1,1,0,1,1,1,0,0,0,1,0,1,1,1,1,0,0,1,1,0,1,1,0,1
1,1,0,1,0,0,1,1,0,1,0,0,2,0,0,2,1,0,0,1,1,1,0,0,0,0,0,0,0,1,1,0,1,0,0,1,1,0,0,0
0,2,2,1,0,1,0,2,0,0,1,1,0,1,0,1,0,1,0,2,0,0,2,2,2,1,0,1,0,1,1,1,0,2,1,1,0,1,1,1
2,1,0,1,1,1,2,1,1,0,1,2,0,1,0,2,0,1,1,0,0,0,0,0,0,1,0,0,0,1,1,0,1,1,0,1,2,1,1,1
2,1,1,1,0,1,1,1,0,0,0,1,0,1,0,2,0,2,0,1,0,0,0,0,0,1,2,0,0,1,0,1,0,1,0,1,1,1,1,1
0,1,0,1,1,0,0,1,0,0,0,1,1,1,0,1,1,1,0,2,0,0,0,0,0,1,1,0,1,1,1,1,0,1,0,2,1,0,2,0
0,1,2,0,2,0,1,0,0,2,2,0,2,1,0,0,1,1,0,1,0,0,0,0,1,0,1,0,0,1,1,0,0,1,0,1,1,0,0,1
2,1,0,2,1,2,1,1,0,0,1,0,1,1,1,2,1,1,0,1,1,1,0,0,0,0,0,0,0,1,1,0,0,1,0,1,1,0,0,0
0,0,0,0,0,1,1,1,0,0,1,1,1,0,0,2,1,1,0,0,1,1,0,0,0,1,1,0,1,1,1,0,1,0,0,0,1,0,0,1
1,1,1,2,2,0,2,1,1,1,0,0,2,1,0,0,1,0,0,0,0,0,0,0,1,2,2,0,0,0,0,0,0,0,0,1,1,0,0,1
0,1,0,1,1,0,0,1,0,1,1,0,0,2,0,1,0,0,0,2,0,1,0,0,0,1,1,1,0,0,0,1,0,1,0,2,1,0,1,1
1,0,2,1,0,0,1,0,0,0,1,1,0,1,0,0,1,0,0,2,1,1,2,2,0,1,1,0,1,0,2,1,1,0,0,0,1,0,0,0
1,0,1,2,1,1,0,0,0,1,0,1,0,2,0,2,0,0,1,1,0,0,0,0,1,2,0,1,0,1,1,1,1,0,0,0,1,0,1,1
0,1,1,2,0,1,2,1,0,0,1,0,0,1,1,0,2,0,0,1,1,1,0,0,0,0,1,1,0,1,1,0,0,0,0,2,2,0,0,1
1,0,1,2,0,1,0,1,0,2,1,1,1,1,0,1,1,1,0,0,0,0,0,0,0,0,1,2,2,2,0,0,0,2,0,2,1,0,0,0
1,0,1,2,0,0,0,1,0,1,0,0,0,0,0,0,1,0,0,1,0,0,0,0,0,0,1,2,0,0,1,1,2,0,0,0,2,0,0,1
1,1,1,0,0,0,0,0,0,1,0,0,1,0,0,0,1,0,0,1,0,1,0,0,1,1,0,0,1,0,0,0,0,1,0,1,1,0,1,0
0,0,1,1,0,0,0,1,1,0,2,1,0,0,0,1,1,1,0,0,1,2,0,0,0,1,0,0,0,1,0,0,0,0,1,0,1,1,0,0
0,1,0,0,0,0,1,1,0,0,0,0,2,0,1,0,0,1,0,1,1,1,0,0,0,0,0,0,0,1,1,1,1,1,0,1,0,0,0,0
0,1,0,0,0,0,1,0,0,1,2,1,0,0,0,0,1,0,0,0,0,0,0,0,2,2,0,1,1,2,0,1,1,0,0,1,2,0,0,1
0,0,0,1,0,1,0,0,0,0,0,1,1,2,0,0,1,1,0,0,2,2,0,0,0,1,1,2,1,1,0,1,0,0,0,1,2,0,2,0
0,0,0,2,0,0,0,2,0,0,0,1,0,1,0,1,0,0,1,0,0,0,0,0,0,1,1,0,0,1,2,1,0,1,0,1,1,0,0,1
1,2,0,1,1,0,0,1,0,0,2,1,1,0,0,0,0,1,0,1,0,0,0,0,0,0,0,1,1,0,1,0,2,0,0,0,1,0,1,0
0,0,1,1,0,0,1,1,0,0,0,0,0,0,0,1,1,1,0,0,0,0,0,0,1,1,1,0,1,1,2,0,0,2,0,0,0,1,0,0
1,0,0,0,0,0,0,1,0,0,2,1,1,0,1,0,1,1,0,0,1,1,0,0,0,1,2,1,1,0,1,0,0,0,0,1,0,1,0,1
0,0,0,1,1,0,1,0,0,1,0,0,0,0,0,0,0,1,0,1,0,1,0,0,0,1,0,1,1,1,2,2,1,0,2,0,1,0,0,0
0,0,1,2,1,0,0,1,0,0,0,1,0,0,0,0,1,2,0,1,0,0,0,0,1,0,1,0,0,0,1,1,0,1,0,1,1,0,0,0
2,2,1,1,1,0,2,1,0,0,1,0,1,1,0,1,0,1,0,0,0,0,0,0,0,1,0,1,1,1,2,0,1,1,0,1,1,0,0,1
1,0,0,1,0,1,0,0,0,0,2,0,1,2,0,1,0,2,0,0,0,0,0,0,1,1,1,0,0,0,1,0,1,0,1,1,1,0,0,1
2,0,2,2,1,0,0,1,1,1,1,1,0,2,0,1,1,1,0,0,0,0,0,0,0,0,0,0,0,0,1,0,0,1,0,1,1,0,0,1
1,0,2,1,0,0,1,0,0,0,1,0,0,1,0,0,1,2,0,0,1,1,1,1,1,0,1,0,0,2,2,1,1,1,0,1,2,0,1,0
0,1,0,0,0,0,1,0,1,1,1,0,0,0,0,0,1,1,0,1,0,0,0,0,0,1,0,0,0,0,0,1,0,0,0,1,1,0,1,1
0,0,0,1,1,0,0,1,0,0,0,1,1,1,0,1,1,1,0,2,0,0,1,1,1,0,0,1,0,1,0,1,0,1,0,1,2,0,0,1
1,1,1,2,0,1,2,0,1,1,2,1,1,0,0,1,1,0,0,0,0,0,0,0,2,0,1,0,0,2,1,0,1,1,1,2,1,1,1,0
0,0,0,2,0,1,0,1,0,1,2,1,0,0,0,2,0,0,0,1,0,0,0,0,0,0,0,0,0,1,1,0,1,1,0,1,2,0,0,1
0,1,0,1,0,1,0,1,0,0,0,1,0,2,0,1,1,1,0,0,0,0,0,0,2,1,1,0,0,1,1,0,1,0,0,0,2,1,0,0
2,0,0,1,2,0,1,0,0,1,1,0,1,0,1,1,0,0,0,1,0,0,1,1,0,0,1,0,1,0,2,0,0,0,0,1,1,1,1,1
0,1,0,2,0,1,1,2,0,0,0,0,1,1,0,0,0,1,0,0,0,0,0,0,0,1,0,0,0,2,1,1,0,0,0,1,1,0,0,0
0,0,1,1,0,1,1,0,0,0,1,0,0,1,0,1,0,1,0,0,1,1,0,0,2,2,2,1,0,1,2,2,0,1,0,1,2,0,0,1
